Repository's Location,Branch,Author's GitHub ID,Author's Emails,Author's Display Name,Author's Git Author Name,Ignore Glob List
https://github.com/castryl/ip.git,master,castryl,,CS2103-F11-2 LOW .. IAN,,
https://github.com/isaacyclai/ip.git,master,isaacyclai,,CS2103-F09-1 ISAA..HUNG,,
https://github.com/pokedot/ip.git,master,pokedot,,CS2103-F10-2 NG M.. JIE,,
https://github.com/udonzzz/ip.git,master,udonzzz,,CS2103-F09-2 ADON.. YAP,adon,
https://github.com/weihan-01/ip.git,master,weihan-01,,CS2103-F13-4 TAN .. HAN,,
https://github.com/learningcoding-pixel/ip.git,master,learningcoding-pixel,,CS2103-F13-1 YIN .. HAO,,
https://github.com/Gracesong146/ip.git,master,Gracesong146,,CS2103-F13-4 GRAC..SONG,Graceee,
https://github.com/Ma-Yirui/ip.git,master,Ma-Yirui,,CS2103-F11-1 MA Y..IRUI,,
https://github.com/plingplingshiny/ip.git,master,plingplingshiny,,CS2103-F10-2 HO P..LING,,
https://github.com/Z-Puyu/ip.git,master,Z-Puyu,,CS2103-F12-1 ZHAN..PUYU,Puyu,
https://github.com/BoredFurry/ip.git,master,BoredFurry,,CS2103-F09-1 LIM .. IAN,FoxLoaves;Ryuji,
https://github.com/robinlogic/ip.git,master,robinlogic,,CS2103-F13-2 ROBI..HOSH,,
https://github.com/Hinlokk/ip.git,master,Hinlokk,,CS2103-F11-2 CHAN.. LOK,,
https://github.com/Rah-Rah-Mitra/ip.git,master,Rah-Rah-Mitra,,CS2103-F13-3 RAHU..ITRA,Rahul Mitra,
https://github.com/yuanjasper/ip.git,master,yuanjasper,,CS2103-F09-2 YUAN..SPER,,
https://github.com/kin-chong/ip.git,master,kin-chong,,CS2103-F10-2 CASE..CONG,,
https://github.com/mjykxz17/ip.git,master,mjykxz17,,CS2103-F10-2 MA J..IAYI,,
https://github.com/tyuzuwu/ip.git,master,tyuzuwu,,CS2103-F13-3 TEW ..HONG,zheng hong,
https://github.com/yzr456/ip.git,master,yzr456,,CS2103-F12-4 YEON..IRUI,Zirui,
https://github.com/Habutiii/ip.git,master,Habutiii,,CS2103-F13-2 CHEN..NGCE,,
https://github.com/WhyXLook/ip.git,master,WhyXLook,,CS2103-F13-3 LOKE..MUND,Edmund,
https://github.com/Partillay791/ip.git,master,Partillay791,,CS2103-F11-1 KWAN.. HAO,,
https://github.com/TeeJinSeng/ip.git,master,TeeJinSeng,,CS2103-F12-4 TEE ..SENG,,
https://github.com/XJie97/ip.git,master,XJie97,,CS2103-F11-1 LOH .. JIE,Loh Xian Jie,
https://github.com/niyniy123/ip.git,master,niyniy123,,CS2103-F12-3 TAN .. YIN,user,
https://github.com/x3zapper/ip.git,master,x3zapper,,CS2103-F13-3 TAN .. KIT,,
https://github.com/yymeiting/ip.git,master,yymeiting,,CS2103-F13-4 YAP ..TING,,
https://github.com/TaiaYovelaPang/ip.git,master,TaiaYovelaPang,,CS2103-F09-2 TAIA..PANG,,
https://github.com/K0p1-Git/ip.git,master,K0p1-Git,,CS2103-F13-2 KOH ..ASON,Jason Koh,
https://github.com/LZX-999/ip.git,master,LZX-999,,CS2103-F13-2 LIM ..IONG,,
https://github.com/xdewu0508/ip.git,master,xdewu0508,,CS2103-F09-2 WU X..ANDE,,
https://github.com/jordanloh/ip.git,master,jordanloh,,CS2103-F13-1 LOH ..RDAN,,
https://github.com/yycancode/ip.git,master,yycancode,,CS2103-F13-1 KE Y..YANG,,
https://github.com/kbyeo/ip.git,master,kbyeo,,CS2103-F12-4 YEO .. BIN,,
https://github.com/ZavierCSJ/ip.git,master,ZavierCSJ,,CS2103-F12-4 CHEW..VIER,,
https://github.com/Zisaac99/ip.git,master,Zisaac99,,CS2103-F10-1 LUM ..SAAC,Isaac,
https://github.com/Huffle-Buffle/ip.git,master,Huffle-Buffle,,CS2103-F13-2 WONG..GANE,HBuffle;megane,
https://github.com/yonglinnnnnn/ip.git,master,yonglinnnnnn,,CS2103-F12-1 XU Y.. LIN,yonglin,
https://github.com/AppDevIn/ip.git,master,AppDevIn,,CS2103-F12-3 JEYA..NIAM,Jeya,
https://github.com/lhurr/ip.git,master,lhurr,,CS2103-F12-3 LIM .. HUR,ArtistZ,
https://github.com/livtarsillapoh/ip.git,master,livtarsillapoh,,CS2103-F13-1 LIV .. POH,tara,
https://github.com/Wen-Cong/ip.git,master,Wen-Cong,,CS2103-F12-2 YEO ..CONG,,
https://github.com/TzHsien/ip.git,master,TzHsien,,CS2103-F11-2 LIM ..SIEN,,
https://github.com/jvvvstin/ip.git,master,jvvvstin,,CS2103-F10-1 JUST..A HE,Justin,
https://github.com/Harjun751/ip.git,master,Harjun751,,CS2103-F12-2 HARV..INGH,,
https://github.com/tgonet/ip.git,master,tgonet,,CS2103-F11-1 TAN .. ZHE,,
https://github.com/YHKok/ip.git,master,YHKok,,CS2103-F11-1 KOK ..SIEN,,
https://github.com/Gareth2YuSheng/ip.git,master,Gareth2YuSheng,,CS2103-F11-1 GARE..HENG,Gareth Too,
https://github.com/nicsohlame/ip.git,master,nicsohlame,,CS2103-F10-1 SOH ..OLAS,Nic_soh_lame,
https://github.com/hwennnn/ip.git,master,hwennnn,,CS2103-F12-3 WAI .. MAN,Houman,
https://github.com/orbitalsqwib/ip.git,master,orbitalsqwib,,CS2103-F12-3 LONG..GENE,Eugene L,
https://github.com/Derekqua/ip.git,master,Derekqua,,CS2103-F12-2 QUA ..EREK,,
https://github.com/calebanana/ip.git,master,calebanana,,CS2103-F12-1 CALE..N YU,Caleb Goh,
https://github.com/zheng-jj/ip.git,master,zheng-jj,,CS2103-F11-2 ZHEN..GJIE,,
https://github.com/DannyOnCode/ip.git,master,DannyOnCode,,CS2103-F12-1 DANN..TIAN,Danny Chan,
https://github.com/kahkoii/ip.git,master,kahkoii,,CS2103-F12-1 SWEE..H HO,Kah Ho,
https://github.com/MoshiMoshiMochi/ip.git,master,MoshiMoshiMochi,,CS2103-F12-2 CHUA..AEUS,Thaddaeus Chua,
https://github.com/Puntart/ip.git,master,Puntart,,CS2103-F09-1 MUHA..AIRI,zaki-zulkhairi,
https://github.com/Melvilleleesy/ip.git,master,Melvilleleesy,,CS2103-F13-3 MELV..YUAN,Melville;Melville Lee;aureliony;lzq,
https://github.com/whchenyicn/ip.git,master,whchenyicn,,CS2103-F13-4 CHEN..ILIN,,
https://github.com/j-os-h-in/ip.git,master,j-os-h-in,,CS2103-F13-4 TAN ..SHIN,Jo Shin,
https://github.com/MooMooYonders/ip.git,master,MooMooYonders,,CS2103-F10-1 CHAN.. KAI,,
https://github.com/mackerelsoup/ip.git,master,mackerelsoup,,CS2103-F12-4 LEE ..TING,zt,
https://github.com/jireh0108/ip.git,master,jireh0108,,CS2103-F13-1 JIRE..A EN,Jireh,
https://github.com/Itsdaodao/ip.git,master,Itsdaodao,,CS2103-F12-2 WANG..HANG,daohang,
https://github.com/JoveFYL/ip.git,master,JoveFYL,,CS2103-F11-2 FONG..JOVE,Jove,
https://github.com/recursive-rc/ip.git,master,recursive-rc,,CS2103T-F10-1 RANE..CHOW,,
https://github.com/c-j-lh/ip.git,master,c-j-lh,,CS2103T-F10-1 CHIE..HENG,Chieu Le Heng,
https://github.com/lihloway/ip.git,master,lihloway,,CS2103T-F12-3 TAY .. LIN,,
https://github.com/WeeMee03/ip.git,master,WeeMee03,,CS2103T-W12-2 KANE..KANG,,
https://github.com/Xateh/ip.git,master,Xateh,,CS2103T-T13-2 TEH ..U AN,,
https://github.com/siangjun2/ip.git,master,siangjun2,,CS2103T-F11-2 LEE .. JUN,,
https://github.com/JothamWong/ip.git,master,JothamWong,,CS2103T-T11-2 JOTH..HUEN,,
https://github.com/lohzq88/ip.git,master,lohzq88,,CS2103T-W12-4 LOH .. QIN,,
https://github.com/krxm107/ip.git,master,krxm107,,CS2103T-F15b-4 KAN ..THEW,Matthew Kan (NUS Student),
https://github.com/Ruinim/ip.git,master,Ruinim,,CS2103T-W10-3 LEE ..HIEN,,
https://github.com/goatmilkkk/ip.git,master,goatmilkkk,,CS2103T-W10-3 YEO ..CENT,,
https://github.com/zongmin-yu/ip.git,master,zongmin-yu,,CS2103T-F15a-3 YU Z..GMIN,yuzongmin,
https://github.com/WhyisQuek/ip.git,master,WhyisQuek,,CS2103T-W10-3 TIMO..YUAN,Timothy;Timothy Quek,
https://github.com/seokjoon27/ip.git,master,seokjoon27,,CS2103T-W10-1 HONG..JOON,,
https://github.com/jxnwxx/ip.git,master,jxnwxx,,CS2103T-W10-3 YUE .. WEI,,
https://github.com/tze088/ip.git,master,tze088,,CS2103T-F12-1 CHON.. YAN,Chong Tze Yan,
https://github.com/huajun07/ip.git,master,huajun07,,CS2103T-T10-4 TEOW.. JUN,,
https://github.com/limanjun99/ip.git,master,limanjun99,,CS2103T-T10-4 LIM .. JUN,An Jun,
https://github.com/ngyupeng/ip.git,master,ngyupeng,,CS2103T-T10-4 NG Y..PENG,,
https://github.com/AndrescuIII-too/ip.git,master,AndrescuIII-too,,CS2103T-T15-2 GONZ..ILLA,,
https://github.com/MoeySeanJean/ip.git,master,MoeySeanJean,,CS2103T-T14-1 MOEY..JEAN,,
https://github.com/fengql123/ip.git,master,fengql123,,CS2103T-T11-1 FENG..LONG,fql123,
https://github.com/sjinho/ip.git,master,sjinho,,CS2103T-W14-2 SON ..INHO,jinhoson,
https://github.com/Haxatron/ip.git,master,Haxatron,,CS2103T-F15a-1 AXEL.. JUN,,
https://github.com/zzzyans/ip.git,master,zzzyans,,CS2103T-T11-4 LIM .. YAN,,
https://github.com/yuntaeseo/ip.git,master,yuntaeseo,,CS2103T-T16-1 SEO ..NTAE,,
https://github.com/Jaey0un/ip.git,master,Jaey0un,,CS2103T-T14-1 JEON..YOUN,,
https://github.com/Ziwen510/ip.git,master,Ziwen510,,CS2103T-F11-4 WANG..IWEN,Ziwen Wang,
https://github.com/kevintanjc/ip.git,master,kevintanjc,,CS2103T-F15b-1 TAN ..EVIN,kevin,
https://github.com/syemfai/ip.git,master,syemfai,,CS2103T-F15a-3 SYED..RAFI,Faizal Rafi,
https://github.com/tjinyao/ip.git,master,tjinyao,,CS2103T-W12-3 TENG.. YAO,Your Name,
https://github.com/CZX123/ip.git,master,CZX123,,CS2103T-F15b-2 CAI ..XUAN,CZX,
https://github.com/crimsonchaos02/ip.git,master,crimsonchaos02,,CS2103T-W08-4 LOW ..YRUS,Cyrus,
https://github.com/jyheng02/ip.git,master,jyheng02,,CS2103T-F15a-4 HENG..YUAN,JiaYuan,
https://github.com/btjm123/ip.git,master,btjm123,,CS2103T-F15a-3 BENN..MING,Benn Tan,
https://github.com/Roshan1572/ip.git,master,Roshan1572,,CS2103T-W11-2 ROSH..ILAN,Roshan,
https://github.com/nicholaslimzixian/ip.git,master,nicholaslimzixian,,CS2103T-T17-2 NICH..XIAN,,
https://github.com/BiggillyBoyMan/ip.git,master,BiggillyBoyMan,,CS2103T-T10-1 LOW ..UCAS,,
https://github.com/lim-james/ip.git,master,lim-james,,CS2103T-T11-1 LIM ..AMES,James,
https://github.com/maybeweijun/ip.git,master,maybeweijun,,CS2103T-T14-3 TAN .. JUN,,
https://github.com/Chanism0808/ip.git,master,Chanism0808,,CS2103T-T14-3 JUST..SIEN,,
https://github.com/OKaiXiang/ip.git,master,OKaiXiang,,CS2103T-T14-4 ONG ..IANG,,
https://github.com/ryantanzr/ip.git,master,ryantanzr,,CS2103T-T11-1 RYAN..RONG,,
https://github.com/ChewyMochi/ip.git,master,ChewyMochi,,CS2103T-T14-3 CHEN..NYAO,,
https://github.com/codewallie/ip.git,master,codewallie,,CS2103T-T14-4 LIM ..LACE,,
https://github.com/christopherchong/ip.git,master,christopherchong,,CS2103T-T14-3 CHON..PHER,,
https://github.com/Nelsonweena/ip.git,master,Nelsonweena,,CS2103T-T13-1 WEE ..LSON,NelsonWee,
https://github.com/stefuiii/ip.git,master,stefuiii,,CS2103T-F11-4 JIAN..GHUI,,
https://github.com/dingf3ng/ip.git,master,dingf3ng,,CS2103T-T14-1 DING..FENG,dingfeng,
https://github.com/BJoozz/ip.git,master,BJoozz,,CS2103T-F15a-1 TRUO.. BAO,,
https://github.com/dinhcodes/ip.git,master,dinhcodes,,CS2103T-W09-4 DINH..LONG,,
https://github.com/zhequan00/ip.git,master,zhequan00,,CS2103T-F15a-4 KOM ..QUAN,,
https://github.com/sirylcereal/ip.git,master,sirylcereal,,CS2103T-F13-4 LYRI..G QI,Lyris Ng,
https://github.com/xiaoqi01010/ip.git,master,xiaoqi01010,,CS2103T-W09-2 WANG..AOQI,,
https://github.com/FZFZFZZ/ip.git,master,FZFZFZZ,,CS2103T-T15-1 LU H..MENG,luhaomeng,
https://github.com/xinyi-lim-19/ip.git,master,xinyi-lim-19,,CS2103T-T08-3 LIM ..N YI,xin yi,
https://github.com/chcischc/ip.git,master,chcischc,,CS2103T-F15a-1 ZHAN..IANG,Zhang Haoxiang,
https://github.com/MinhMXC/ip.git,master,MinhMXC,,CS2103T-T16-1 NGUY..MINH,Nguyen Quang Minh,
https://github.com/deniseegohh/ip.git,master,deniseegohh,,CS2103T-F10-3 DENI.. GOH,,
https://github.com/Xinxiang0257/ip.git,master,Xinxiang0257,,CS2103T-T17-1 HOU ..IANG,,
https://github.com/Swei99/ip.git,master,Swei99,,CS2103T-T14-4 SOO .. LUN,,
https://github.com/LABDHH/ip.git,master,LABDHH,,CS2103T-F10-1 SHAR..ABDH,Labdh,
https://github.com/GuoGangQuan/ip.git,master,GuoGangQuan,,CS2103T-F12-1 GUO ..QUAN,,
https://github.com/SAKICHANNN/ip.git,master,SAKICHANNN,,CS2103T-T17-2 ZHOU..IRUN,hhvrfn,
https://github.com/huiyi-Al/ip.git,master,huiyi-Al,,CS2103T-T08-1 LIU ..IYUE,,
https://github.com/bananapielearnsjava/ip.git,master,bananapielearnsjava,,CS2103T-F11-1 LEW ..I YU,Lew Si Yu;Si Yu Lew,
https://github.com/Aryann-Sharma/ip.git,master,Aryann-Sharma,,CS2103T-W08-4 SHAR..NDRA,,
https://github.com/DavidShenJingtao/ip.git,master,DavidShenJingtao,,CS2103T-F15a-1 SHEN..GTAO,,
https://github.com/MousseDm/ip.git,master,MousseDm,,CS2103T-W12-4 DA J..XUAN,,
https://github.com/yyssophie/ip.git,master,yyssophie,,CS2103T-F15a-1 YUAN..YUSI,Yusi Yuan,
https://github.com/Lzkkuan/ip.git,master,Lzkkuan,,CS2103T-F12-2 LI Z..KUAN,,
https://github.com/fishee82oo/ip.git,master,fishee82oo,,CS2103T-F11-4 HUAN..YANG,Reineil,
https://github.com/WFYishere/ip.git,master,WFYishere,,CS2103T-F12-2 WEN ..ANYU,,
https://github.com/ary-ban/ip.git,master,ary-ban,,CS2103T-W12-3 BANS..AMAN,,
https://github.com/DJsudartha/ip.git,master,DJsudartha,,CS2103T-T17-2 DAVI..RTHA,,
https://github.com/vinncee/ip.git,master,vinncee,,CS2103T-F09-2 CHUA..INCE,vince,
https://github.com/YH-100203/ip.git,master,YH-100203,,CS2103T-F10-4 LIM ..HENG,,
https://github.com/louist3ng/ip.git,master,louist3ng,,CS2103T-T14-3 TENG..OUIS,,
https://github.com/Bosh1707/ip.git,master,Bosh1707,,CS2103T-T10-1 JOSH..ARAN,Joshua,
https://github.com/jeroylim/ip.git,master,jeroylim,,CS2103T-W10-4 JERO..ZHEN,,
https://github.com/hyhy987/ip.git,master,hyhy987,,CS2103T-F14a-1 SIE ..YANG,aureliony;lzq,
https://github.com/darzizalol/ip.git,master,darzizalol,,CS2103T-F13-1 FANG..GHAO,,
https://github.com/nicksonho/ip.git,master,nicksonho,,CS2103T-W11-4 NICK..HENG,nickson,
https://github.com/sabersmash1412/ip.git,master,sabersmash1412,,CS2103T-W14-1 ANNA..PPAN,Annamalai Maniveerappan,
https://github.com/algebananazzzzz/ip.git,master,algebananazzzzz,,CS2103T-W09-3 ZHOU..NIEL,danielp,
https://github.com/javierlimt6/ip.git,master,javierlimt6,,CS2103T-T16-3 JAVI..N YI,Javier Lim,
https://github.com/dnt0n/ip.git,master,dnt0n,,CS2103T-W11-2 DANT..TING,Danton,
https://github.com/yusen-luan/ip.git,master,yusen-luan,,CS2103T-F11-3 LUAN..USEN,,
https://github.com/williamoose/ip.git,master,williamoose,,CS2103T-W14-1 WILL..LIOW,aureliony;lzq,
https://github.com/coolprogrammer000/ip.git,master,coolprogrammer000,,CS2103T-W11-3 HE Y..YIDA,,
https://github.com/Miloepeng/ip.git,master,Miloepeng,,CS2103T-F11-2 YEO ..HENG,,
https://github.com/isaactoh/ip.git,master,isaactoh,,CS2103T-W11-3 TOH ..SAAC,,
https://github.com/Mathew270/ip.git,master,Mathew270,,CS2103T-F12-4 MATH..PAUL,Mathew,
https://github.com/eltry42/ip.git,master,eltry42,,CS2103T-F09-4 ELDR..E NG,Eldridge,
https://github.com/samueltann/ip.git,master,samueltann,,CS2103T-W13-4 SAMU.. JIE,Samuel,
https://github.com/xxdydx/ip.git,master,xxdydx,,CS2103T-T16-3 R AR..ARAN,Arul,
https://github.com/rizrn/ip.git,master,rizrn,,CS2103T-F15b-2 JASO.. LIM,Jason Lim,
https://github.com/rahulmllvrp/ip.git,master,rahulmllvrp,,CS2103T-T12-4 RAHU..RAPU,Rahul Mallavarapu,
https://github.com/XKMai/ip.git,master,XKMai,,CS2103T-T16-1 MAI .. KAI,,
https://github.com/ryan-toh/ip.git,master,ryan-toh,,CS2103T-T12-1 TOH ..RYAN,,
https://github.com/Nsohko/ip.git,master,Nsohko,,CS2103T-F14a-1 SARI..EDDY,Sai,
https://github.com/winstonzhaozhekai/ip.git,master,winstonzhaozhekai,,CS2103T-F10-2 ZHAO..STON,,
https://github.com/mizzat03/ip.git,master,mizzat03,,CS2103T-F14a-1 MUHA..AFIQ,Izzat,
https://github.com/itisnotjord/ip.git,master,itisnotjord,,CS2103T-F14a-1 GOH ..RDAN,,
https://github.com/Print2PDF/ip.git,master,Print2PDF,,CS2103T-F15b-1 ENG .. WEN,,
https://github.com/yorick-chew/ip.git,master,yorick-chew,,CS2103T-F08a-2 CHEW..RICK,Yorick Chew,
https://github.com/hansonpoh/ip.git,master,hansonpoh,,CS2103T-T15-4 POH ..NSON,,
https://github.com/keezhenxian/ip.git,master,keezhenxian,,CS2103T-F14b-4 KEE ..XIAN,,
https://github.com/RagingRogue/ip.git,master,RagingRogue,,CS2103T-F08b-3 LEE .. KYE,Lee Ray Kye,
https://github.com/Javier-Lua/ip.git,master,Javier-Lua,,CS2103T-T15-4 LUA ..VIER,,
https://github.com/tathan08/ip.git,master,tathan08,,CS2103T-T08-4 TAN ..THAN,,
https://github.com/IsaiahToh/ip.git,master,IsaiahToh,,CS2103T-T17-3 ISAI..MING,,
https://github.com/TimothySzu/ip.git,master,TimothySzu,,CS2103T-T17-3 TIMO.. ERN,tim,
https://github.com/Butanol/ip.git,master,Butanol,,CS2103T-W09-2 DYLA.. HAO,,
https://github.com/Sengernest/ip.git,master,Sengernest,,CS2103T-T12-3 ERNE..QING,,
https://github.com/Arshelle9912/ip.git,master,Arshelle9912,,CS2103T-W12-3 RAHE..ELLE,,
https://github.com/yhtham7/ip.git,master,yhtham7,,CS2103T-F14a-4 THAM.. HUI,,
https://github.com/fsythw/ip.git,master,fsythw,,CS2103T-T16-4 WAN ..BETH,,
https://github.com/sj-c/ip.git,master,sj-c,,CS2103T-W11-2 CHIA.. JIE,sinjie,
https://github.com/soakedumplings/ip.git,master,soakedumplings,,CS2103T-F08a-1 BRID..NING,brid-get-it,
https://github.com/Bobbodi/ip.git,master,Bobbodi,,CS2103T-F10-2 LEE ..XUAN,,
https://github.com/Joulenergy/ip.git,master,Joulenergy,,CS2103T-T11-3 HUAN..LENE,,
https://github.com/Hypovolemic/ip.git,master,Hypovolemic,,CS2103T-F14b-1 WONG..FENG,,
https://github.com/MarcusLeongHK/ip.git,master,MarcusLeongHK,,CS2103T-F08b-4 MARC..KITT,Marcus,
https://github.com/camlin-tan/ip.git,master,camlin-tan,,CS2103T-F11-1 TAN ..MLIN,,
https://github.com/wengmu/ip.git,master,wengmu,,CS2103T-W10-2 CHIA.. MUN,FlyingMun,
https://github.com/WeeJean/ip.git,master,WeeJean,,CS2103T-F10-4 KOH ..JEAN,Wee Jean,
https://github.com/lanjia0/ip.git,master,lanjia0,,CS2103T-F15a-2 NICH.. KIT,,
https://github.com/ckwflash/ip.git,master,ckwflash,,CS2103T-F14b-2 CHEN..IWEN,,
https://github.com/allanrobert0203/ip.git,master,allanrobert0203,,CS2103T-F14a-2 JOHN..BERT,Allan Robert,
https://github.com/kellytxn/ip.git,master,kellytxn,,CS2103T-F13-3 TAN ..ELLY,kellytan,
https://github.com/nghnaomi/ip.git,master,nghnaomi,,CS2103T-F14b-4 NAOM.. HUI,Naomi Ng;naomi,
https://github.com/dylandaaa/ip.git,master,dylandaaa,,CS2103T-T16-3 DYLA..TONO,dylan,
https://github.com/Haffner32/ip.git,master,Haffner32,,CS2103T-W12-2 CHAN..ADEN,adenchan,
https://github.com/wafflescloud/ip.git,master,wafflescloud,,CS2103T-W14-3 ZHEN..JOAN,,
https://github.com/wailon18/ip.git,master,wailon18,,CS2103T-T10-2 CHAN.. LUN,Wei Lun,
https://github.com/salmonkarp/ip.git,master,salmonkarp,,CS2103T-F08b-4 GARY..YONO,,
https://github.com/CelineTj16/ip.git,master,CelineTj16,,CS2103T-T16-3 JOSE..NDRA,celine,
https://github.com/enamourous/ip.git,master,enamourous,,CS2103T-W11-2 FOO .. JUN,,
https://github.com/landonzhao/ip.git,master,landonzhao,,CS2103T-F08b-1 ZHAO..TONG,,
https://github.com/Junronggg/ip.git,master,Junronggg,,CS2103T-W11-1 MU J..RONG,Junrong;junrong,
https://github.com/forestmu/ip.git,master,forestmu,,CS2103T-T09-1 LIM .. LIN,song lin,
https://github.com/ZhuRong818/ip.git,master,ZhuRong818,,CS2103T-T10-3 ZHU ..RONG,,
https://github.com/jeffreylim24/ip.git,master,jeffreylim24,,CS2103T-F08a-1 JEFF..HEIN,Jeffrey Lim @ Htet Min Shein,
https://github.com/Starishine/ip.git,master,Starishine,,CS2103T-T12-1 BAWA..ANIA,,
https://github.com/wuliyq/ip.git,master,wuliyq,,CS2103T-T15-1 GONG..QIAN,yiqian,
https://github.com/estelle-ljgui/ip.git,master,estelle-ljgui,,CS2103T-W14-4 ESTE.. HUI,Estelle,
https://github.com/charqxx/ip.git,master,charqxx,,CS2103T-T13-1 CHAR.. XIA,Charlize,
https://github.com/Orange-eat97/ip.git,master,Orange-eat97,,CS2103T-W13-1 CHEN.. CHI,,
https://github.com/baozzii/ip.git,master,baozzii,,CS2103T-T17-3 LIU ..HANG,Yuhang,
https://github.com/llamawithhats/ip.git,master,llamawithhats,,CS2103T-F14b-3 YU T..NGAN,Yu Tingan,
https://github.com/reineoeq/ip.git,master,reineoeq,,CS2103T-T13-4 REIN.. QIN,,
https://github.com/meltedham/ip.git,master,meltedham,,CS2103T-T11-2 YEOW.. YEN,,
https://github.com/iZUMi-kyouka/ip.git,master,iZUMi-kyouka,,CS2103T-F09-3 FLOR..NELY,Florian Viorel Tanely,
https://github.com/watermelonisred/ip.git,master,watermelonisred,,CS2103T-W11-1 LIN .. XIN,yu xin,
https://github.com/samthambad/ip.git,master,samthambad,,CS2103T-T14-1 THAM..NAND,,
https://github.com/Anxinal/ip.git,master,Anxinal,,CS2103T-F09-2 AN X..XIAO,An Xiao,
https://github.com/jongrazi/ip.git,master,jongrazi,,CS2103T-T09-4 JONA..YANG,,
https://github.com/mellowfarm/ip.git,master,mellowfarm,,CS2103T-F08b-3 NICH.. SEE,nicha,
https://github.com/xiaotong0329/ip.git,master,xiaotong0329,,CS2103T-T10-3 HUAN..TONG,,
https://github.com/pei3nn/ip.git,master,pei3nn,,CS2103T-W11-3 LEE ..I EN,Pei En,
https://github.com/zachchong/ip.git,master,zachchong,,CS2103T-W08-1 CHON..HONG,ZachChong,
https://github.com/wenn5055/ip.git,master,wenn5055,,CS2103T-F08a-4 TANG..ENDY,wendy,
https://github.com/gaozilin2005/ip.git,master,gaozilin2005,,CS2103T-F14b-4 GAO ..ILIN,zilin,
https://github.com/xwl42/ip.git,master,xwl42,,CS2103T-T09-3 XIAO..ENLI,,
https://github.com/estherkyx/ip.git,master,estherkyx,,CS2103T-T11-4 KER ..THER,,
https://github.com/yalasoo/ip.git,master,yalasoo,,CS2103T-F14b-1 YANG..TONG,,
https://github.com/jlismee/ip.git,master,jlismee,,CS2103T-W14-3 SHE ..LING,,
https://github.com/jj55j7/ip.git,master,jj55j7,,CS2103T-T14-4 JHAN..SAHU,,
https://github.com/sngdarren/ip.git,master,sngdarren,,CS2103T-F14b-3 SNG ..RREN,,
https://github.com/katrinaykt/ip.git,master,katrinaykt,,CS2103T-F08b-3 KATR.. YEO,,
https://github.com/hninsatphyusin/ip.git,master,hninsatphyusin,,CS2103T-F14b-3 HNIN.. SIN,,
https://github.com/Jaredee123/ip.git,master,Jaredee123,,CS2103T-F10-2 JARE.. WEI,Jared,
https://github.com/stellecodes/ip.git,master,stellecodes,,CS2103T-F10-4 STEL.. LIM,Stelle,
https://github.com/enxi-low/ip.git,master,enxi-low,,CS2103T-T10-2 LOW ..N XI,enxi,
https://github.com/tkaixinn/ip.git,master,tkaixinn,,CS2103T-F14b-4 TEO .. XIN,,
https://github.com/he-yue-svg/ip.git,master,he-yue-svg,,CS2103T-F13-1 SEAH.. YUE,,
https://github.com/ebt-wu/ip.git,master,ebt-wu,,CS2103T-W12-4 EDBE..BERT,Edbert,
https://github.com/yatihe01/ip.git,master,yatihe01,,CS2103T-W11-4 HE Y..YATI,,
https://github.com/Promist-Moon/ip.git,master,Promist-Moon,,CS2103T-W08-2 EMIL..ANDY,Emilia Ayu,
https://github.com/chenguo3125/ip.git,master,chenguo3125,,CS2103T-T10-3 CHEN.. GUO,chen guo,
https://github.com/chloeongzy/ip.git,master,chloeongzy,,CS2103T-F09-1 ONG ..HLOE,,
https://github.com/jcc-kh/ip.git,master,jcc-kh,,CS2103T-W08-1 JESS.. HEY,Jessie,
https://github.com/NgoHoangNhatMinh/ip.git,master,NgoHoangNhatMinh,,CS2103T-T17-1 NGO ..MINH,Minh,
https://github.com/haorui2004/ip.git,master,haorui2004,,CS2103T-F09-2 HAO .. RUI,hao rui,
https://github.com/yihao03/ip.git,master,yihao03,,CS2103T-W09-3 HON .. HAO,yihao,
https://github.com/divyashahhh/ip.git,master,divyashahhh,,CS2103T-W10-4 SHAH..UMAR,,
https://github.com/csrhui/ip.git,master,csrhui,,CS2103T-F08a-4 CHAN..RHUI,,
https://github.com/broccoli0616/ip.git,master,broccoli0616,,CS2103T-W11-1 ZHAN..IAYI,zhangjiayi,
https://github.com/Eilyss/ip.git,master,Eilyss,,CS2103T-F09-3 FOO .. HAN,Fang Han,
https://github.com/valeriexylim/ip.git,master,valeriexylim,,CS2103T-F08b-1 VALE..N YI,Valerie,
https://github.com/Dicksonlai29/ip.git,master,Dicksonlai29,,CS2103T-W08-2 DICK.. LAI,Dickson,
https://github.com/soomin-k/ip.git,master,soomin-k,,CS2103T-F15b-3 KIM ..OMIN,,
https://github.com/SoyWater/ip.git,master,SoyWater,,CS2103T-F11-1 IVAN..YANG,,
https://github.com/cleo7799/ip.git,master,cleo7799,,CS2103T-W08-2 RACH.. XIN,Rachel,
https://github.com/serenelwt/ip.git,master,serenelwt,,CS2103T-T15-4 SERE..TING,serene,
https://github.com/zhiyu05/ip.git,master,zhiyu05,,CS2103T-F15a-4 KOH ..HIYU,,
https://github.com/coberculidae/ip.git,master,coberculidae,,CS2103T-T17-1 TRUO.. MAI,Mai,
https://github.com/GREYHAT262/ip.git,master,GREYHAT262,,CS2103T-T13-1 TEH .. HUI,Teh Xin Hui,
https://github.com/h-virdi/ip.git,master,h-virdi,,CS2103T-T14-4 HARN..IRDI,,
https://github.com/ongyixin/ip.git,master,ongyixin,,CS2103T-W14-4 ONG .. XIN,Ong Yi Xin,
https://github.com/sunshinefactoryyy/ip.git,master,sunshinefactoryyy,,CS2103T-F13-4 WU Y..EWEI,Yuewei,
https://github.com/siderealmaple/ip.git,master,siderealmaple,,CS2103T-T08-3 QUEK.. WEI,Yew Wei,
https://github.com/Dumboiroy/ip.git,master,Dumboiroy,,CS2103T-T09-1 ALRO..YANG,,
https://github.com/Leumu/ip.git,master,Leumu,,CS2103T-F08b-4 CHUA..MUEL,Samuel,
https://github.com/Beastarz/ip.git,master,Beastarz,,CS2103T-T13-4 GOH ..N YU,,
https://github.com/desmondwong1215/ip.git,master,desmondwong1215,,CS2103T-T13-4 DESM..HENG,,
https://github.com/miinren/ip.git,master,miinren,,CS2103T-F12-2 SEAH..-REN,,
https://github.com/waynetanjh/ip.git,master,waynetanjh,,CS2103T-W11-4 WAYN..HENG,Wayne Tan;Wayne Tan Junheng,
https://github.com/limjimin-nus/ip.git,master,limjimin-nus,,CS2103T-W10-1 LIM .. MIN,,
https://github.com/BrandonnLow/ip.git,master,BrandonnLow,,CS2103T-W09-4 LOW ..NDON,Brandon Low,
https://github.com/HiokKuek/ip.git,master,HiokKuek,,CS2103T-F15a-2 TAN ..KUEK,,
https://github.com/AaronToh/ip.git,master,AaronToh,,CS2103T-F08b-2 AARO..GWEI,,
https://github.com/Eric9010/ip.git,master,Eric9010,,CS2103T-T13-1 WEI ..I YI,EricWei,
https://github.com/Cleaach/ip.git,master,Cleaach,,CS2103T-T16-3 CLEM..NDRA,Clement;Clement Chen,
https://github.com/gunawanjoseph/ip.git,master,gunawanjoseph,,CS2103T-W08-3 JOSE..AWAN,Joseph,
https://github.com/duyLeu/ip.git,master,duyLeu,,CS2103T-T16-1 LEU .. DUY,,
https://github.com/hai0506/ip.git,master,hai0506,,CS2103T-F15b-4 TRIN.. HAI,Hai,
https://github.com/bentandj/ip.git,master,bentandj,,CS2103T-F10-1 BENE.. JIN,Poxman100,
https://github.com/djgmh9/ip.git,master,djgmh9,,CS2103T-F15b-4 NGUY..BACH,Nguyen The Bach,
https://github.com/mug1wara26/ip.git,master,mug1wara26,,CS2103T-F13-4 ALOY..QUAN,,
https://github.com/fifamobilegems/ip.git,master,fifamobilegems,,CS2103T-F13-1 MAX .. YAN,,
https://github.com/PhoebeY05/ip.git,master,PhoebeY05,,CS2103T-T09-3 PHOE.. HUI,Phoebe Yap,
https://github.com/zjaoyuki/ip.git,master,zjaoyuki,,CS2103T-F14b-1 ZENG..JING,zengjing,
https://github.com/pei886/ip.git,master,pei886,,CS2103T-W14-4 PEI ..NGYA,,
https://github.com/t-yunqi/ip.git,master,t-yunqi,,CS2103T-F15a-4 TAN ..N QI,Tan Yun Qi,
https://github.com/wongyuzhen/ip.git,master,wongyuzhen,,CS2103T-T09-1 WONG..ZHEN,,
https://github.com/damiancxliew/ip.git,master,damiancxliew,,CS2103T-W09-3 DAMI..IANG,Damian Liew Cho Xiang,
https://github.com/kzfsg/ip.git,master,kzfsg,,CS2103T-F08a-1 KWOK..FENG,,
https://github.com/Schpeider/ip.git,master,Schpeider,,CS2103T-F08a-4 ONG .. JIE,,
https://github.com/Albertd13/ip.git,master,Albertd13,,CS2103T-W13-1 ALBE.. JUN,,
https://github.com/fatbolster/ip.git,master,fatbolster,,CS2103T-F14b-2 CHUA..RSON,"Chua Kai Jie, Emerson",
https://github.com/leechongrui/ip.git,master,leechongrui,,CS2103T-F11-2 LEE .. RUI,Chong Rui,
https://github.com/ais555/ip.git,master,ais555,,CS2103T-F14a-4 ISAA.. XEN,Isaac Lee,
https://github.com/ngjsjordan/ip.git,master,ngjsjordan,,CS2103T-F08a-3 NG J..RDAN,,
https://github.com/naa-siuuuu-ff/ip.git,master,naa-siuuuu-ff,,CS2103T-W14-4 HASA..ASIF,,
https://github.com/CYW2004/ip.git,master,CYW2004,,CS2103T-T10-3 CAO ..EWEI,Yuewei,
https://github.com/romidas99/ip.git,master,romidas99,,CS2103T-T10-1 THEN..SIEN,,
https://github.com/tonyvict/ip.git,master,tonyvict,,CS2103T-W13-4 RAYA..CTAR,tony_vict,
https://github.com/Chellu19/ip.git,master,Chellu19,,CS2103T-F14b-4 CHEL..MIAH,Chellu,
https://github.com/Jiru-code/ip.git,master,Jiru-code,,CS2103T-T17-1 TAN .. RUI,Jiong Rui Tan,
https://github.com/isaaclim01/ip.git,master,isaaclim01,,CS2103T-F13-2 LIM ..SAAC,,
https://github.com/Xirnic/ip.git,master,Xirnic,,CS2103T-W12-1 LIM ..FENG,,
https://github.com/JasonChang419/ip.git,master,JasonChang419,,CS2103T-T11-3 JASO..HANG,Jason,
https://github.com/manishkharthik/ip.git,master,manishkharthik,,CS2103T-W13-2 MANI..URAI,,
https://github.com/JG-Kiran/ip.git,master,JG-Kiran,,CS2103T-W09-4 JAIS..IRAN,jgkiran2003,
https://github.com/Neko-Nguyen/ip.git,master,Neko-Nguyen,,CS2103T-F12-1 NGUY..MINH,Carameow,
https://github.com/QuocBaoVu/ip.git,master,QuocBaoVu,,CS2103T-W12-1 VU H.. BAO,,
https://github.com/tuanduong18/ip.git,master,tuanduong18,,CS2103T-F08b-1 NGUY..UONG,Nguyen Tuan Duong,
https://github.com/CATISNOTSODIUM/ip.git,master,CATISNOTSODIUM,,CS2103T-T09-1 KOSO..IWAT,Thitiwat Kosolpattanadurong,
https://github.com/neet-it/ip.git,master,neet-it,,CS2103T-T12-3 DESH..EETI,,
https://github.com/Kineeeeee/ip.git,master,Kineeeeee,,CS2103T-F13-2 NGUY..KIEN,,
https://github.com/TheresiaOng/ip.git,master,TheresiaOng,,CS2103T-F14b-1 THER..ESIA,Theresia,
https://github.com/meowzz28/ip.git,master,meowzz28,,CS2103T-F10-3 ROGE..O ZU,roger,
https://github.com/Duyy0406/ip.git,master,Duyy0406,,CS2103T-W08-4 TRAN.. DUY,,
https://github.com/SanguineChameleon/ip.git,master,SanguineChameleon,,CS2103T-F13-3 NGUY..KHOA,,
https://github.com/Miche1111e/ip.git,master,Miche1111e,,CS2103T-W13-4 MICH..LIEW,Michelle,
https://github.com/vanphuc1201/ip.git,master,vanphuc1201,,CS2103T-F12-1 HOAN..PHUC,vanphuc,
https://github.com/monnss69/ip.git,master,monnss69,,CS2103T-W10-2 PHAM..MINH,haiminh,
https://github.com/uylulu/ip.git,master,uylulu,,CS2103T-F08a-4 DO T..G UY,Do Trong Uy,
https://github.com/zayyankece/ip.git,master,zayyankece,,CS2103T-W12-3 MUHA..KBAR,,
https://github.com/YSTey0808/ip.git,master,YSTey0808,,CS2103T-F10-3 TEY ..IANG,,
https://github.com/Vrospix/ip.git,master,Vrospix,,CS2103T-T15-3 VIGO..KING,Vigo,
https://github.com/bmathnguyen/ip.git,master,bmathnguyen,,CS2103T-T10-1 NGUY..BACH,Bach Nguyen,
https://github.com/tieutrongphuc/ip.git,master,tieutrongphuc,,CS2103T-W08-4 TIEU..PHUC,phuxtrohhg,
https://github.com/eesyuen09/ip.git,master,eesyuen09,,CS2103T-F10-3 TAN ..YUEN,Ee Syuen,
https://github.com/w3njii/ip.git,master,w3njii,,CS2103T-F11-1 YEN ..NJIE,,
https://github.com/Jav65/ip.git,master,Jav65,,CS2103T-W09-2 JAVI..WONG,,
https://github.com/lqr1019/ip.git,master,lqr1019,,CS2103T-T16-2 LI Q..GRUI,,
https://github.com/yk-tuturu/ip.git,master,yk-tuturu,,CS2103T-F08a-4 KOH .. KEI,,
https://github.com/yong0112/ip.git,master,yong0112,,CS2103T-F15b-1 LIM ..YONG,Zi Yong,
https://github.com/inzk0518/ip.git,master,inzk0518,,CS2103T-W10-2 IVAN..KIEN,,
https://github.com/Arnav-Jhajharia/ip.git,master,Arnav-Jhajharia,,CS2103T-F12-4 JHAJ..RNAV,,
https://github.com/zhonggruii/ip.git,master,zhonggruii,,CS2103T-W13-2 LEE .. RUI,Sean Leong;jiachen,
https://github.com/haobuhaoo/ip.git,master,haobuhaoo,,CS2103T-F12-2 TEOH..O YI,,
https://github.com/Chrogain/ip.git,master,Chrogain,,CS2103T-W13-1 TAN ..IDAN,,
https://github.com/yitao36/ip.git,master,yitao36,,CS2103T-T10-4 DING..ITAO,,
https://github.com/grenn24/ip.git,master,grenn24,,CS2103T-F09-3 HOO ..HENG,Hoo Di Heng,
https://github.com/seanrh34/ip.git,master,seanrh34,,CS2103T-T08-2 SEAN..ANTO,,
https://github.com/rongkangw/ip.git,master,rongkangw,,CS2103T-T11-3 WONG..KANG,,
https://github.com/darisusu/ip.git,master,darisusu,,CS2103T-F09-4 DARI..YANG,Darius Deng,
https://github.com/0rbita1/ip.git,master,0rbita1,,CS2103T-W08-4 TAN ..IANG,0ribta1,
https://github.com/pranav3142/ip.git,master,pranav3142,,CS2103T-W13-4 JAMU..ANAV,Pranav,
https://github.com/jing-xiang-choong/ip.git,master,jing-xiang-choong,,CS2103T-F11-3 CHOO..IANG,Choong Jing Xiang,
https://github.com/darrensimmx/ip.git,master,darrensimmx,,CS2103T-W13-2 SIM ..RREN,,
https://github.com/Cheeden/ip.git,master,Cheeden,,CS2103T-W11-4 LIM ..OONG,,
https://github.com/haojun-mah/ip.git,master,haojun-mah,,CS2103T-F14b-2 MAH .. JUN,,
https://github.com/goh-joshua/ip.git,master,goh-joshua,,CS2103T-F13-3 GOH ..SHUA,,
https://github.com/shaneak03/ip.git,master,shaneak03,,CS2103T-T12-2 SHAN..KYAW,,
https://github.com/CoderKee/ip.git,master,CoderKee,,CS2103T-W14-1 TAN ..UANG,,
https://github.com/ckhai01/ip.git,master,ckhai01,,CS2103T-F13-4 CHUA..KHAI,,
https://github.com/Abhijay25/ip.git,master,Abhijay25,,CS2103T-T08-4 THIR..IJAY,Abhijay,
https://github.com/Rahulvira/ip.git,master,Rahulvira,,CS2103T-F12-4 RAHU..IJAY,rahul,
https://github.com/brandontwj1/ip.git,master,brandontwj1,,CS2103T-T08-1 TAN .. JUN,Brandon Tan,
https://github.com/KH-boop-bit/ip.git,master,KH-boop-bit,,CS2103T-T15-2 TAN ..HONG,,
https://github.com/deepa-m1/ip.git,master,deepa-m1,,CS2103T-F14b-1 DHUL..LIKA,,
https://github.com/reynabxr/ip.git,master,reynabxr,,CS2103T-T11-4 BONG..EYNA,reyna,
https://github.com/feliciaz05/ip.git,master,feliciaz05,,CS2103T-F09-2 ZHAN..IFEI,aureliony;lzq,
https://github.com/Prateek2030s/ip.git,master,Prateek2030s,,CS2103T-T09-2 MANI..TEEK,,
https://github.com/actualmulti/ip.git,master,actualmulti,,CS2103T-T13-2 MITC..XIAN,mitchel,
https://github.com/brainybryan69/ip.git,master,brainybryan69,,CS2103T-W13-3 ANG .. HAW,bryan,
https://github.com/BarneyLaw/ip.git,master,BarneyLaw,,CS2103T-F08b-4 LEIF.. LAW,Leifsen,
https://github.com/jooh6969/ip.git,master,jooh6969,,CS2103T-T10-3 TONG.. WEE,,
https://github.com/ren0716/ip.git,master,ren0716,,CS2103T-F14b-3 BEH .. REN,,
https://github.com/wjingsin/ip.git,master,wjingsin,,CS2103T-T12-2 WONG.. SIN,,
https://github.com/makis4n/ip.git,master,makis4n,,CS2103T-F08b-2 KWON.. KIN,KwongWaiKin,
https://github.com/cyfake/ip.git,master,cyfake,,CS2103T-F15a-2 PEDR..DTUD,,
https://github.com/Eggie23/ip.git,master,Eggie23,,CS2103T-T15-2 GOH ..NDON,Glendon Goh,
https://github.com/Cavannn/ip.git,master,Cavannn,,CS2103T-F12-3 CAVA.. XUN,Cavan,
https://github.com/ferroklaser/ip.git,master,ferroklaser,,CS2103T-T11-3 WIN ..G OO,Win Paing Oo,
https://github.com/GeekyGooble/ip.git,master,GeekyGooble,,CS2103T-T10-2 TAN .. HAO,,
https://github.com/pohanson/ip.git,master,pohanson,,CS2103T-T08-2 POH ..NSON,PohAnson;aureliony;lzq,
https://github.com/Joshua-Seah/ip.git,master,Joshua-Seah,,CS2103T-T15-2 JOSH..SEAH,,
https://github.com/nghaowei/ip.git,master,nghaowei,,CS2103T-T12-1 NG H.. WEI,,
https://github.com/Meckss/ip.git,master,Meckss,,CS2103T-T15-4 MAX ..NING,,
https://github.com/yapitsgabriel/ip.git,master,yapitsgabriel,,CS2103T-T09-4 GABR..KANG,Gabriel Yap,
https://github.com/JunhaoW3/ip.git,master,JunhaoW3,,CS2103T-F09-1 WU J.. HAO,,
https://github.com/tevyntan/ip.git,master,tevyntan,,CS2103T-F08b-3 TAN ..EVYN,,
https://github.com/clementsimwj/ip.git,master,clementsimwj,,CS2103T-W13-3 SIM ..MENT,Clement Sim,
https://github.com/ronniefun1/ip.git,master,ronniefun1,,CS2103T-W14-1 RONN.. FUN,Ronnie Fun,
https://github.com/aloy-pek/ip.git,master,aloy-pek,,CS2103T-F09-1 ALOY.. JUN,Aloysius Pek,
https://github.com/ludannnn/ip.git,master,ludannnn,,CS2103T-W13-3 NATH..IANG,,
https://github.com/siuuuuuuuuuuuuuuuuuu/ip.git,master,siuuuuuuuuuuuuuuuuuu,,CS2103T-T13-4 YEO ..RCUS,marcus,
https://github.com/matthias890/ip.git,master,matthias890,,CS2103T-T15-3 MATT..MENG,Matthias,
https://github.com/ruissouw/ip.git,master,ruissouw,,CS2103T-W13-1 ROHI..THAN,,
https://github.com/isyraqyusof/ip.git,master,isyraqyusof,,CS2103T-F14a-2 MOHA..USOF,isyraq,
https://github.com/Juink4i/ip.git,master,Juink4i,,CS2103T-T13-3 FOO .. KAI,,
https://github.com/imrenzo/ip.git,master,imrenzo,,CS2103T-F09-2 CHUA..ENZO,renzo,
https://github.com/TeoShiYuan/ip.git,master,TeoShiYuan,,CS2103T-F14a-4 TEO ..YUAN,,
https://github.com/thomas5564/ip.git,master,thomas5564,,CS2103T-T09-3 CHOO..OMAS,,
https://github.com/gooZXSean/ip.git,master,gooZXSean,,CS2103T-F08a-2 GOO ..SEAN,Goo Zheng Xien Sean,
https://github.com/weixianuni/ip.git,master,weixianuni,,CS2103T-W12-4 TAN ..XIAN,weixian,
https://github.com/oyanzhi/ip.git,master,oyanzhi,,CS2103T-F09-1 ONG .. ZHI,,
https://github.com/binghangc/ip.git,master,binghangc,,CS2103T-W08-2 CHOW..HANG,Bing Hang,
https://github.com/larrygaw/ip.git,master,larrygaw,,CS2103T-T14-2 LARR..HENG,,
https://github.com/simantak-dabhade/ip.git,master,simantak-dabhade,,CS2103T-F13-3 SIMA..HADE,Simantak Dabhade,
https://github.com/JoshLohh/ip.git,master,JoshLohh,,CS2103T-T12-4 JOSH.. LOH,Josh Loh,
https://github.com/Chewy03/ip.git,master,Chewy03,,CS2103T-W09-2 CHEW..YANG,,
https://github.com/houzhenming/ip.git,master,houzhenming,,CS2103T-T14-2 HOU ..MING,,
https://github.com/MNJPeng/ip.git,master,MNJPeng,,CS2103T-W10-2 MAXI..PENG,Speedoxx,
https://github.com/sbillsujithkumaar/ip.git,master,sbillsujithkumaar,,CS2103T-T09-2 STAL..MAAR,sujith,
https://github.com/gordontzx/ip.git,master,gordontzx,,CS2103T-T16-1 GORD..IANG,gordon,
https://github.com/Eugene-Lek/ip.git,master,Eugene-Lek,,CS2103T-T16-4 LEK ..GENE,eugenelek,
https://github.com/EugeneOYZ1203n/ip.git,master,EugeneOYZ1203n,,CS2103T-W13-1 EUGE..HENG,Eugene Oh Yun Zheng,
https://github.com/ndhhh/ip.git,master,ndhhh,,CS2103T-T11-2 NG D..HENG,dhdh,
https://github.com/bluemayo/ip.git,master,bluemayo,,CS2103T-T09-4 DYLA.. YEW,Dylan,
https://github.com/biscake/ip.git,master,biscake,,CS2103T-T09-4 LEON.. HUI,,
https://github.com/donkoo24/ip.git,master,donkoo24,,CS2103T-T09-4 DON .. KOO,,
https://github.com/joelchongg/ip.git,master,joelchongg,,CS2103T-F11-4 JOEL..HONG,,
https://github.com/ianchinn/ip.git,master,ianchinn,,CS2103T-T08-4 CHIN.. IAN,Ian Chin,
https://github.com/yjjr0/ip.git,master,yjjr0,,CS2103T-F15b-4 YEN ..HARD,,
https://github.com/dominicddl/ip.git,master,dominicddl,,CS2103T-F14a-2 CABA.. LOR,,
https://github.com/Glacialthorn/ip.git,master,Glacialthorn,,CS2103T-F08a-2 BENJ..IWEI,Benjamin Lim,
https://github.com/raynergoh/ip.git,master,raynergoh,,CS2103T-F15b-3 GOH ..YNER,rayner,
https://github.com/nob-s/ip.git,master,nob-s,,CS2103T-W12-1 LEE ..QING,,
https://github.com/saajid-ahamed/ip.git,master,saajid-ahamed,,CS2103T-T09-2 SAAJ..AMED,,
https://github.com/Khantminn290/ip.git,master,Khantminn290,,CS2103T-T09-2 KAUN..MINN,KaungKhantMinn,
https://github.com/JordanLow/ip.git,master,JordanLow,,CS2103T-T08-3 JORD..N YI,Jordan Low,
https://github.com/DonLeeHH/ip.git,master,DonLeeHH,,CS2103T-W09-3 DON .. HAO,don,
https://github.com/Briescion/ip.git,master,Briescion,,CS2103T-W13-3 BENJ.. ZHE,briescion,
https://github.com/jianronggu/ip.git,master,jianronggu,,CS2103T-W11-2 GU J..RONG,,
https://github.com/farbutnear/ip.git,master,farbutnear,,CS2103T-F09-1 GOH ..YUAN,Asher,
https://github.com/JBYoonn/ip.git,master,JBYoonn,,CS2103T-W08-1 YOON.. BAO,,
https://github.com/porcupinezzz/ip.git,master,porcupinezzz,,CS2103T-T15-2 LIM ..MIEN,Damien Lim,
https://github.com/JeromeG89/ip.git,master,JeromeG89,,CS2103T-T11-1 JERO..E EN,,
https://github.com/dylantjy/ip.git,master,dylantjy,,CS2103T-T13-2 DYLA..UNYU,,
https://github.com/ThePeeKayy/ip.git,master,ThePeeKayy,,CS2103T-W09-1 TAN ..IANG,pengkiang,
https://github.com/alsonleej/ip.git,master,alsonleej,,CS2103T-T08-4 ALSO..YANG,,
https://github.com/ChekaLowQiJun/ip.git,master,ChekaLowQiJun,,CS2103T-T13-3 LOW ..HEKA,"Low Qi Jun, Cheka",
https://github.com/Ruileirei/ip.git,master,Ruileirei,,CS2103T-W08-2 ANG .. RAY,,
https://github.com/dlywlotus/ip.git,master,dlywlotus,,CS2103T-T12-2 DYLA.. WEE,,
https://github.com/samuelcg20/ip.git,master,samuelcg20,,CS2103T-T09-2 SAMU..ORGE,,
https://github.com/jakekeech/ip.git,master,jakekeech,,CS2103T-F08a-3 JAKE.. HAN,aureliony;lzq,
https://github.com/ChengLeong/ip.git,master,ChengLeong,,CS2103T-F15a-2 ONG ..EONG,,
https://github.com/yosonteo/ip.git,master,yosonteo,,CS2103T-T12-4 TEO ..OSON,,
https://github.com/JovanTeo1103/ip.git,master,JovanTeo1103,,CS2103T-F15b-3 JOVA..O YI,Jovan Teo,
https://github.com/kahei9299/ip.git,master,kahei9299,,CS2103T-F10-2 LIAN.. HEI,,
https://github.com/sahishnuk2/ip.git,master,sahishnuk2,,CS2103T-T09-3 OBUL..MAAR,Sahishnu,
https://github.com/ngmhprogramming/ip.git,master,ngmhprogramming,,CS2103T-W09-1 NG M.. HIN,ngmh,
https://github.com/jasonleexc/ip.git,master,jasonleexc,,CS2103T-W10-4 JASO..HENG,,
https://github.com/joojaja/ip.git,master,joojaja,,CS2103T-W10-2 BRIA..N HU,,
https://github.com/McFishhh/ip.git,master,McFishhh,,CS2103T-W14-3 SHAW..IONG,,
https://github.com/gnahuy123/ip.git,master,gnahuy123,,CS2103T-T13-4 TAN ..HANG,,
https://github.com/aliensarefake/ip.git,master,aliensarefake,,CS2103T-W09-3 GUO ..O YU,,
https://github.com/nicktantk/ip.git,master,nicktantk,,CS2103T-T08-1 NICH..HOON,Nicholas Tan,
https://github.com/thejus03/ip.git,master,thejus03,,CS2103T-F08b-2 THEJ..HNAN,Thejus,
https://github.com/KieronOei/ip.git,master,KieronOei,,CS2103T-W08-1 KIER.. JIE,,
https://github.com/goodguykf/ip.git,master,goodguykf,,CS2103T-T14-2 TAN ..FENG,,
https://github.com/gab-er/ip.git,master,gab-er,,CS2103T-F08a-3 ER K..RIEL,Gabriel Er,
https://github.com/mattcce/ip.git,master,mattcce,,CS2103T-T13-2 MATT..I EN,,
https://github.com/owjd03/ip.git,master,owjd03,,CS2103T-T15-3 OW J..DUAN,Jun Duan,
https://github.com/adrieltch/ip.git,master,adrieltch,,CS2103T-W12-2 TOH ..RIEL,,
https://github.com/adityagk753/ip.git,master,adityagk753,,CS2103T-T16-4 ADIT..LWAL,,
https://github.com/morpheuschoo/ip.git,master,morpheuschoo,,CS2103T-W14-3 CHOO..HEUS,aureliony;lzq,
https://github.com/hongxun03/ip.git,master,hongxun03,,CS2103T-T11-3 WONG.. XUN,,
https://github.com/cameronlzy/ip.git,master,cameronlzy,,CS2103T-F13-3 LOH ..ERON,Cameron;Cameron Loh Zi Yang,
https://github.com/tch1001/ip.git,master,tch1001,,CS2103T-T17-3 TAN .. HAO,,
https://github.com/yoyongxuan/ip.git,master,yoyongxuan,,CS2103T-T11-2 YEO ..XUAN,,
https://github.com/Jerrytys/ip.git,master,Jerrytys,,CS2103T-T16-2 JERR..HENG,,
https://github.com/caiwang0/ip.git,master,caiwang0,,CS2103T-T10-1 KELV..WANG,caiwang0-admin,
https://github.com/kailermai/ip.git,master,kailermai,,CS2103T-T16-2 MAI .. LER,Kai Ler,
https://github.com/gabrieltang515/ip.git,master,gabrieltang515,,CS2103T-T13-3 GABR..YUAN,,
https://github.com/Whyudothiss/ip.git,master,Whyudothiss,,CS2103T-T12-3 HOW ..CHEN,,
https://github.com/lkxben/ip.git,master,lkxben,,CS2103T-W14-2 BENJ.. XIN,benlua,
https://github.com/zpnoob/ip.git,master,zpnoob,,CS2103T-F15a-2 ZAMI..TING,zamien,
https://github.com/noahseethorcodes/ip.git,master,noahseethorcodes,,CS2103T-T12-2 NOAH..YANG,Noah Seethor,
https://github.com/Yourface1746/ip.git,master,Yourface1746,,CS2103T-T14-1 NG S..OUHE,,
https://github.com/harun-abdullah/ip.git,master,harun-abdullah,,CS2103T-F09-4 HARU..UFRI,Harun,
https://github.com/denz-denz/ip.git,master,denz-denz,,CS2103T-T13-2 CHUA..LDEN,,
https://github.com/xavychin/ip.git,master,xavychin,,CS2103T-T08-3 XAVI.. WEI,,
https://github.com/not-a-scam/ip.git,master,not-a-scam,,CS2103T-W14-2 ZECH.. WEN,Zechariah Yeo,
https://github.com/ZH22/ip.git,master,ZH22,,CS2103T-F11-4 OOI .. HAO,zhenghao,
https://github.com/ywijie/ip.git,master,ywijie,,CS2103T-F15b-2 LIM .. JIE,,
https://github.com/keitht8y/ip.git,master,keitht8y,,CS2103T-W14-2 TAY ..EITH,Keith Tay,
https://github.com/garennotjeron/ip.git,master,garennotjeron,,CS2103T-W12-2 GERR..FONG,Gerron,
https://github.com/oilyfishball/ip.git,master,oilyfishball,,CS2103T-T09-1 LEE .. RUI,,
https://github.com/its-me-orion/ip.git,master,its-me-orion,,CS2103T-W14-2 ORIO.. LEE,Orion;Orion Raysher Lee,
https://github.com/ronithsaju/ip.git,master,ronithsaju,,CS2103T-F08b-4 RONI..MBIL,Ronith,
https://github.com/NihaalManaf/ip.git,master,NihaalManaf,,CS2103T-T08-2 NIHA..ANAF,Nihaal Manaf;nihaalmanaf,
https://github.com/luciusyeo/ip.git,master,luciusyeo,,CS2103T-F15b-3 YEO ..CIUS,lucius,
https://github.com/seanowww/ip.git,master,seanowww,,CS2103T-W10-4 SEAN..RONG,Sean Ow,
https://github.com/jonchng/ip.git,master,jonchng,,CS2103T-W12-1 JONA.. KAI,JonChng,
https://github.com/yuanz03/ip.git,master,yuanz03,,CS2103T-T13-3 CHIN..TIAN,,
https://github.com/Mesutantonio/ip.git,master,Mesutantonio,,CS2103T-W13-2 CHOW..HONY,Anthony Chow,
https://github.com/BryanKCodes/ip.git,master,BryanKCodes,,CS2103T-F08b-1 BRYA.. PIN,,
https://github.com/malcolmchu13/ip.git,master,malcolmchu13,,CS2103T-W10-1 MALC.. XUN,,
https://github.com/rk2k3/ip.git,master,rk2k3,,CS2103T-F15b-3 RON ..ERAN,ron,
https://github.com/evanjw2/ip.git,master,evanjw2,,CS2103T-W10-1 ONG .. WEI,,
https://github.com/aaroncjgoh/ip.git,master,aaroncjgoh,,CS2103T-T14-2 AARO.. JUN,,
https://github.com/FatKidddd/ip.git,master,FatKidddd,,CS2103T-F08b-1 JUST.. HUI,Justin Wong,
https://github.com/Vorld/ip.git,master,Vorld,,CS2103T-W09-1 KULK..SANT,Kulkarni Venugopal Vasant;Venu,
https://github.com/kentalim2/ip.git,master,kentalim2,,CS2103T-F12-1 KENT..HONG,,
https://github.com/abhatia2003/ip.git,master,abhatia2003,,CS2103T-W13-2 AAYU..ATIA,Aayush,
https://github.com/Angmar2722/ip.git,master,Angmar2722,,CS2103T-W11-3 ANSH..NGAN,,
https://github.com/bacenl/ip.git,master,bacenl,,CS2103T-F12-3 YAP ..THAN,Bacen,
https://github.com/shriniket03/ip.git,master,shriniket03,,CS2103T-F09-3 SHRI..NIAN,Shriniket,
https://github.com/balkinaveen/ip.git,master,balkinaveen,,CS2103T-F08a-3 BALA..UMAR,,
https://github.com/lunardrak/ip.git,master,lunardrak,,CS2103T-W10-3 SEAN.. JUN,Lunardrake;Lunardrakey,
https://github.com/NownuJ/ip.git,master,NownuJ,,CS2103T-T15-4 LEE ..NWON,,
https://github.com/oysterboi/ip.git,master,oysterboi,,CS2103T-T11-4 ONG ..HENG,,
https://github.com/TheMythologist/ip.git,master,TheMythologist,,CS2103T-F13-4 LEE ..XUAN,,
https://github.com/genehern/ip.git,master,genehern,,CS2103T-F10-4 LEE ..HERN,,
https://github.com/RandomNerd01/ip.git,master,RandomNerd01,,CS2103T-W09-4 LIM .. RON,,
https://github.com/jaxwong/ip.git,master,jaxwong,,CS2103T-T10-2 WONG.. WEI,,
https://github.com/holeecow/ip.git,master,holeecow,,CS2103T-F11-3 TEO ..XUAN,zexuan,
https://github.com/Shearer1509/ip.git,master,Shearer1509,,CS2103T-T15-1 TANG..ARER,,
https://github.com/Tan-Guan-Lin/ip.git,master,Tan-Guan-Lin,,CS2103T-T17-1 TAN .. LIN,,
https://github.com/zzdlklzz/ip.git,master,zzdlklzz,,CS2103T-W08-3 DANI..G LE,,
https://github.com/Juggernaut102/ip.git,master,Juggernaut102,,CS2103T-T12-1 LIM ..HAUN,,
https://github.com/alfred-chua/ip.git,master,alfred-chua,,CS2103T-F12-4 ALFR.. KAI,,
https://github.com/Lucasn24/ip.git,master,Lucasn24,,CS2103T-W08-1 NG J..UCAS,,
https://github.com/wucx-0/ip.git,master,wucx-0,,CS2103T-F14a-1 WU C..XIAO,Chenxiao,
https://github.com/Lanturn567/ip.git,master,Lanturn567,,CS2103T-W08-3 ANDR.. KEH,Andre Keh,
https://github.com/qiiiixuan/ip.git,master,qiiiixuan,,CS2103T-F14a-2 ZHU ..XUAN,,
https://github.com/rotarykirby/ip.git,master,rotarykirby,,CS2103T-T08-2 ZHAO..XUAN,Ruixuan,
https://github.com/weijie-wang227/ip.git,master,weijie-wang227,,CS2103T-T12-3 WANG..IJIE,weijie,
https://github.com/b33pbop/ip.git,master,b33pbop,,CS2103T-W12-2 DONG..LING,JL,
https://github.com/Zmzzz3/ip.git,master,Zmzzz3,,CS2103T-F15b-4 CHEN..MING,Ziming,
https://github.com/Bleng-flash/ip.git,master,Bleng-flash,,CS2103T-T12-1 LENG..RYAN,Bryan Leng,
https://github.com/junhao4/ip.git,master,junhao4,,CS2103T-T09-3 NG J.. HAO,,
https://github.com/javierchuaby/ip.git,master,javierchuaby,,CS2103T-W10-4 JAVI.. YAN,Javier Chua,
https://github.com/Jeric-Tan/ip.git,master,Jeric-Tan,,CS2103T-F08a-3 JERI.. JIN,Jeric Tan,
https://github.com/anand2273/ip.git,master,anand2273,,CS2103T-W13-3 ANAN..BALA,anand,
https://github.com/PeanutButter1212/ip.git,master,PeanutButter1212,,CS2103T-F12-2 MARC.. HAN,Marcus,
https://github.com/arunblue3/ip.git,master,arunblue3,,CS2103T-F14a-3 ARUN..UVAN,,
https://github.com/amptea/ip.git,master,amptea,,CS2103T-T14-2 MART.. TAN,martin,
https://github.com/hylinny/ip.git,master,hylinny,,CS2103T-F09-3 LIN ..OYUE,,
https://github.com/IvorKhan/ip.git,master,IvorKhan,,CS2103T-W09-1 KHO ..FONG,Kho Wei Fong,
https://github.com/Rihiz/ip.git,master,Rihiz,,CS2103T-F08b-2 S RI..ISHI,Rishi,
https://github.com/blurfrost/ip.git,master,blurfrost,,CS2103T-W14-3 SHEN..EITH,,
https://github.com/jeremy-a-0808/ip.git,master,jeremy-a-0808,,CS2103T-T11-2 ANG ..REMY,jeremy,
https://github.com/zekaistic/ip.git,master,zekaistic,,CS2103T-T11-4 YAP .. KAI,Yap Ze Kai,
https://github.com/pekyiheng/ip.git,master,pekyiheng,,CS2103T-F14b-2 PEK ..HENG,,
https://github.com/Glenn-Chiang/ip.git,master,Glenn-Chiang,,CS2103T-T12-3 CHIA..LENN,Glenn,
https://github.com/kianshenteoh/ip.git,master,kianshenteoh,,CS2103T-W08-3 TEOH..SHEN,,
https://github.com/wylandee/ip.git,master,wylandee,,CS2103T-F14a-4 DYLA.. HON,dylan,
https://github.com/bearkerb/ip.git,master,bearkerb,,CS2103T-F08a-2 TAN ..RIEL,,
https://github.com/julius-gwee/ip.git,master,julius-gwee,,CS2103T-F14a-2 JULI.. HAN,Julius Gwee,
https://github.com/wangyuanchi/ip.git,master,wangyuanchi,,CS2103T-W08-3 WANG..NCHI,,
https://github.com/infinex123/ip.git,master,infinex123,,CS2103T-T12-4 LIN .. TAO,lintao,
https://github.com/Rhysmond/ip.git,master,Rhysmond,,CS2103T-W12-3 RHYS..JIAN,,
https://github.com/tofuuu67/ip.git,master,tofuuu67,,CS2103T-F14b-2 OR F..IANG,Fu Xiang,
https://github.com/nty-dev/ip.git,master,nty-dev,,CS2103T-F15a-3 NEO ..YONG,Neo Tsay Yong;aureliony;lzq,
https://github.com/adibice1/ip.git,master,adibice1,,CS2103T-F09-4 MUHA..FFIN,adib,
https://github.com/Qwertyblob/ip.git,master,Qwertyblob,,CS2103T-F14a-4 CHUA..RVIS,jarvis,
https://github.com/limweekit/ip.git,master,limweekit,,CS2103T-T15-3 LIM .. KIT,,
https://github.com/203ZK/ip.git,master,203ZK,,CS2103T-T12-2 PEH .. JIN,,
https://github.com/jarretphon/ip.git,master,jarretphon,,CS2103T-T16-2 JARR.. ANN,,
https://github.com/ziheng119/ip.git,master,ziheng119,,CS2103T-F12-3 GAN ..HENG,Gan Zi Heng,
https://github.com/lvbrobinhood/ip.git,master,lvbrobinhood,,CS2103T-F11-2 LOW ..OBIN,Robin,
https://github.com/junwei07/ip.git,master,junwei07,,CS2103T-F08b-3 FOO .. WEI,Jun Wei,
https://github.com/tokitobashi1/ip.git,master,tokitobashi1,,CS2103T-W09-4 LIM .. HAO,,
https://github.com/TastyVeggy/ip.git,master,TastyVeggy,,CS2103T-T16-4 LIM ..XIUS,Tasty,
https://github.com/timxthytia/ip.git,master,timxthytia,,CS2103T-F14b-3 TIMO.. ZHI,Timothy,
https://github.com/Xiao-Congchen/ip.git,master,Xiao-Congchen,,CS2103T-F10-4 XIAO..CHEN,LilOnionOrange,
https://github.com/liawjarell/ip.git,master,liawjarell,,CS2103T-T16-2 JARE..N YI,,
https://github.com/ShaoZhi21/ip.git,master,ShaoZhi21,,CS2103T-F11-3 SOON.. ZHI,Shao Zhi,
https://github.com/dongjunnn/ip.git,master,dongjunnn,,CS2103T-W11-3 CHAN.. JUN,,
https://github.com/mengshuos/ip.git,master,mengshuos,,CS2103T-F14a-3 MENG..SHUO,,
https://github.com/yhthia/ip.git,master,yhthia,,CS2103T-T15-3 THIA..HONG,,
https://github.com/ctrf03/ip.git,master,ctrf03,,CS2103T-F12-3 TAY ..NTON,,
https://github.com/tohyanhui/ip.git,master,tohyanhui,,CS2103T-W14-1 TOH .. HUI,Toh Yan Hui,
https://github.com/cjaycee/ip.git,master,cjaycee,,CS2103T-W13-4 CHAI..HENG,Jaycee,
https://github.com/polyrhythmas/ip.git,master,polyrhythmas,,CS2103T-T15-1 TRIS..SEOW,tristan,
https://github.com/jsprdev/ip.git,master,jsprdev,,CS2103T-F14a-3 ANG ..SPER,Jasper Ang,
https://github.com/JeromeGohRY/ip.git,master,JeromeGohRY,,CS2103T-T10-2 JERO..H YU,Jerome,
https://github.com/kuagabriel8/ip.git,master,kuagabriel8,,CS2103T-W10-1 GABR.. ERN,,
https://github.com/gabriel-lll/ip.git,master,gabriel-lll,,CS2103T-T12-4 GABR..UNDO,,
https://github.com/cheezels/ip.git,master,cheezels,,CS2103T-F14a-3 TAN .. HIN,Chee Hin,
https://github.com/nathantew14/ip.git,master,nathantew14,,CS2103T-F08a-1 TEW ..THAN,,
https://github.com/flyingcat9/ip.git,master,flyingcat9,,CS2103T-T16-4 ONG .. MIN,Ong Li Min,
https://github.com/timothyleejin/ip.git,master,timothyleejin,,CS2103T-F13-2 LEE ..OTHY,,
https://github.com/san4b0t/ip.git,master,san4b0t,,CS2103T-T11-1 SANF..OMAS,,
https://github.com/naresh2478/ip.git,master,naresh2478,,CS2103T-F08b-2 NARE..EHRU,Naresh,
https://github.com/Jyang1206/ip.git,master,Jyang1206,,CS2103T-T08-1 NG J..YANG,Jie Yang,
https://github.com/Retribob/ip.git,master,Retribob,,CS2103T-W12-1 WANG..QIAN,Wang Boqian,
https://github.com/ravichandran-gokool/ip.git,master,ravichandran-gokool,,CS2103T-F13-1 RAVI..OKUL,Gokul,
https://github.com/shockingly134/ip.git,master,shockingly134,,CS2103T-F13-2 SHAN..UMAR,,
https://github.com/Strikerprv/ip.git,master,Strikerprv,,CS2103T-F13-2 CHEN.. JUN,,
https://github.com/mihirshah2005/ip.git,master,mihirshah2005,,CS2103T-F10-1 SHAH..UNIL,,
https://github.com/POeticPotatoes/ip.git,master,POeticPotatoes,,CS2103T-T17-3 YANG..IIYU,,
https://github.com/yijiechong13/ip.git,master,yijiechong13,,CS2103T-F10-3 CHON.. JIE,,
https://github.com/jayyyyy25/ip.git,master,jayyyyy25,,CS2103T-F15b-1 TAN .. JAY,Jayyy25,
https://github.com/Kimberlee97/ip.git,master,Kimberlee97,,CS2103T-F15a-4 KIMB.. RAE,,
https://github.com/jovnc/ip.git,master,jovnc,,CS2103T-T13-3 JOVA..NGEN,,
https://github.com/simyeekai/ip.git,master,simyeekai,,CS2103T-T15-1 SIM .. KAI,,
https://github.com/3seastacks/ip.git,master,3seastacks,,CS2103T-T10-4 LEE ..AINE,,
https://github.com/michellee15/ip.git,master,michellee15,,CS2103T-F08a-2 MICH..ELLE,,
https://github.com/asaiyume/ip.git,master,asaiyume,,CS2103T-F15b-2 LI Z..IBIN,,
https://github.com/reven0n/ip.git,master,reven0n,,CS2103T-F15b-2 DARI.. HAO,,
https://github.com/ArunV2048/ip.git,master,ArunV2048,,CS2103T-F09-4 VELL..PPAN,,
https://github.com/aufasodik/ip.git,master,aufasodik,,CS2103T-F08a-1 AUFA..AHIM,,
https://github.com/ZayK1/ip.git,master,ZayK1,,CS2103T-F11-3 KASI..AYAN,Zayan,
https://github.com/oadultradeepfield/ip.git,master,oadultradeepfield,,CS2103T-W09-2 SRIS..PHAT,Phanuphat Srisukhawasu,
https://github.com/junyan-k/ip.git,master,junyan-k,,CS2103T-F15b-1 KOK .. YAN,,
https://github.com/nuszuoyi/ip.git,master,nuszuoyi,,CS2103T-T17-2 ZUO ..O YI,zuo yi,
https://github.com/hui-x1ng/ip.git,master,hui-x1ng,,CS2103T-F11-2 JIAN..CHEN,zichen05,
https://github.com/Dominique-DP9/ip.git,master,Dominique-DP9,,CS2103T-W14-4 XUE ..NJIE,,
https://github.com/chuckyang123/ip.git,master,chuckyang123,,CS2103T-W11-1 YANG..IANG,,
https://github.com/FisherSkyi/ip.git,master,FisherSkyi,,CS2103T-W11-1 YU L..TIAN,YuLetian,
https://github.com/Sophie-lmy/ip.git,master,Sophie-lmy,,CS2103T-W11-4 LI M..NGYU,Li Mingyu,
https://github.com/trekkie3/ip.git,master,trekkie3,,CS2103T-F14a-3 LIAO..EVIN,,
https://github.com/josephkwok001/ip.git,master,josephkwok001,,CS2103T-W12-4 KWOK.. YAN,Joseph,
https://github.com/ashmitahaldar/ip.git,master,ashmitahaldar,,CS2103T-W09-1 HALD..MITA,Ashmita Haldar,
https://github.com/Shubham-1417/ip.git,master,Shubham-1417,,CS2103T-F12-4 CHOU..BHAM,trail-hack,
https://github.com/Soo42/ip.git,master,Soo42,,CS2103T-F11-1 SOO ..YANG,,
https://github.com/vincent-wat04/ip.git,master,vincent-wat04,,CS2103T-F15a-3 QU Q..HENG,Qu,
https://github.com/subhitsha-sp/ip.git,master,subhitsha-sp,,CS2103T-F10-2 SUBH..ARAN,Subhitsha Prabakaran,
