Repository's Location,Branch,File Formats,Ignore Glob List,Ignore standalone config,Ignore Commits List,Ignore Authors List,Shallow Cloning,Find Previous Authors
https://github.com/castryl/ip.git,master,,tutorials/**;gradlew.bat,,,,,
https://github.com/isaacyclai/ip.git,master,,tutorials/**;gradlew.bat,,,,,
https://github.com/pokedot/ip.git,master,,tutorials/**;gradlew.bat,,,,,
https://github.com/udonzzz/ip.git,master,,tutorials/**;gradlew.bat,,,,,
https://github.com/weihan-01/ip.git,master,,tutorials/**;gradlew.bat,,,,,
https://github.com/learningcoding-pixel/ip.git,master,,tutorials/**;gradlew.bat,,,,,
https://github.com/Gracesong146/ip.git,master,,tutorials/**;gradlew.bat,,,,,
https://github.com/Ma-Yirui/ip.git,master,,tutorials/**;gradlew.bat,,,,,
https://github.com/plingplingshiny/ip.git,master,,tutorials/**;gradlew.bat,,,,,
https://github.com/Z-Puyu/ip.git,master,,tutorials/**;gradlew.bat,,,,,
https://github.com/BoredFurry/ip.git,master,,tutorials/**;gradlew.bat,,,,,
https://github.com/robinlogic/ip.git,master,,tutorials/**;gradlew.bat,,,,,
https://github.com/Hinlokk/ip.git,master,,tutorials/**;gradlew.bat,,,,,
https://github.com/Rah-Rah-Mitra/ip.git,master,,tutorials/**;gradlew.bat,,,,,
https://github.com/yuanjasper/ip.git,master,,tutorials/**;gradlew.bat,,,,,
https://github.com/kin-chong/ip.git,master,,tutorials/**;gradlew.bat,,,,,
https://github.com/mjykxz17/ip.git,master,,tutorials/**;gradlew.bat,,,,,
https://github.com/tyuzuwu/ip.git,master,,tutorials/**;gradlew.bat,,,,,
https://github.com/yzr456/ip.git,master,,tutorials/**;gradlew.bat,,,,,
https://github.com/Habutiii/ip.git,master,,tutorials/**;gradlew.bat,,,,,
https://github.com/WhyXLook/ip.git,master,,tutorials/**;gradlew.bat,,,,,
https://github.com/Partillay791/ip.git,master,,tutorials/**;gradlew.bat,,,,,
https://github.com/TeeJinSeng/ip.git,master,,tutorials/**;gradlew.bat,,,,,
https://github.com/XJie97/ip.git,master,,tutorials/**;gradlew.bat,,,,,
https://github.com/niyniy123/ip.git,master,,tutorials/**;gradlew.bat,,,,,
https://github.com/x3zapper/ip.git,master,,tutorials/**;gradlew.bat,,,,,
https://github.com/yymeiting/ip.git,master,,tutorials/**;gradlew.bat,,,,,
https://github.com/TaiaYovelaPang/ip.git,master,,tutorials/**;gradlew.bat,,,,,
https://github.com/K0p1-Git/ip.git,master,,tutorials/**;gradlew.bat,,,,,
https://github.com/LZX-999/ip.git,master,,tutorials/**;gradlew.bat,,,,,
https://github.com/xdewu0508/ip.git,master,,tutorials/**;gradlew.bat,,,,,
https://github.com/jordanloh/ip.git,master,,tutorials/**;gradlew.bat,,,,,
https://github.com/yycancode/ip.git,master,,tutorials/**;gradlew.bat,,,,,
https://github.com/kbyeo/ip.git,master,,tutorials/**;gradlew.bat,,,,,
https://github.com/ZavierCSJ/ip.git,master,,tutorials/**;gradlew.bat,,,,,
https://github.com/Zisaac99/ip.git,master,,tutorials/**;gradlew.bat,,,,,
https://github.com/Huffle-Buffle/ip.git,master,,tutorials/**;gradlew.bat,,,,,
https://github.com/yonglinnnnnn/ip.git,master,,tutorials/**;gradlew.bat,,,,,
https://github.com/AppDevIn/ip.git,master,,tutorials/**;gradlew.bat,,,,,
https://github.com/lhurr/ip.git,master,,tutorials/**;gradlew.bat,,,,,
https://github.com/livtarsillapoh/ip.git,master,,tutorials/**;gradlew.bat,,,,,
https://github.com/Wen-Cong/ip.git,master,,tutorials/**;gradlew.bat,,,,,
https://github.com/TzHsien/ip.git,master,,tutorials/**;gradlew.bat,,,,,
https://github.com/jvvvstin/ip.git,master,,tutorials/**;gradlew.bat,,,,,
https://github.com/Harjun751/ip.git,master,,tutorials/**;gradlew.bat,,,,,
https://github.com/tgonet/ip.git,master,,tutorials/**;gradlew.bat,,,,,
https://github.com/YHKok/ip.git,master,,tutorials/**;gradlew.bat,,,,,
https://github.com/Gareth2YuSheng/ip.git,master,,tutorials/**;gradlew.bat,,,,,
https://github.com/nicsohlame/ip.git,master,,tutorials/**;gradlew.bat,,,,,
https://github.com/hwennnn/ip.git,master,,tutorials/**;gradlew.bat,,,,,
https://github.com/orbitalsqwib/ip.git,master,,tutorials/**;gradlew.bat,,,,,
https://github.com/Derekqua/ip.git,master,,tutorials/**;gradlew.bat,,,,,
https://github.com/calebanana/ip.git,master,,tutorials/**;gradlew.bat,,,,,
https://github.com/zheng-jj/ip.git,master,,tutorials/**;gradlew.bat,,,,,
https://github.com/DannyOnCode/ip.git,master,,tutorials/**;gradlew.bat,,,,,
https://github.com/kahkoii/ip.git,master,,tutorials/**;gradlew.bat,,,,,
https://github.com/MoshiMoshiMochi/ip.git,master,,tutorials/**;gradlew.bat,,,,,
https://github.com/Puntart/ip.git,master,,tutorials/**;gradlew.bat,,,,,
https://github.com/Melvilleleesy/ip.git,master,,tutorials/**;gradlew.bat,,,,,
https://github.com/whchenyicn/ip.git,master,,tutorials/**;gradlew.bat,,,,,
https://github.com/j-os-h-in/ip.git,master,,tutorials/**;gradlew.bat,,,,,
https://github.com/MooMooYonders/ip.git,master,,tutorials/**;gradlew.bat,,,,,
https://github.com/mackerelsoup/ip.git,master,,tutorials/**;gradlew.bat,,,,,
https://github.com/jireh0108/ip.git,master,,tutorials/**;gradlew.bat,,,,,
https://github.com/Itsdaodao/ip.git,master,,tutorials/**;gradlew.bat,,,,,
https://github.com/JoveFYL/ip.git,master,,tutorials/**;gradlew.bat,,,,,
https://github.com/recursive-rc/ip.git,master,,tutorials/**;gradlew.bat,,,,,
https://github.com/c-j-lh/ip.git,master,,tutorials/**;gradlew.bat,,,,,
https://github.com/lihloway/ip.git,master,,tutorials/**;gradlew.bat,,,,,
https://github.com/WeeMee03/ip.git,master,,tutorials/**;gradlew.bat,,,,,
https://github.com/Xateh/ip.git,master,,tutorials/**;gradlew.bat,,,,,
https://github.com/siangjun2/ip.git,master,,tutorials/**;gradlew.bat,,,,,
https://github.com/JothamWong/ip.git,master,,tutorials/**;gradlew.bat,,,,,
https://github.com/lohzq88/ip.git,master,,tutorials/**;gradlew.bat,,,,,
https://github.com/krxm107/ip.git,master,,tutorials/**;gradlew.bat,,,,,
https://github.com/Ruinim/ip.git,master,,tutorials/**;gradlew.bat,,,,,
https://github.com/goatmilkkk/ip.git,master,,tutorials/**;gradlew.bat,,,,,
https://github.com/zongmin-yu/ip.git,master,,tutorials/**;gradlew.bat,,,,,
https://github.com/WhyisQuek/ip.git,master,,tutorials/**;gradlew.bat,,,,,
https://github.com/seokjoon27/ip.git,master,,tutorials/**;gradlew.bat,,,,,
https://github.com/jxnwxx/ip.git,master,,tutorials/**;gradlew.bat,,,,,
https://github.com/tze088/ip.git,master,,tutorials/**;gradlew.bat,,,,,
https://github.com/huajun07/ip.git,master,,tutorials/**;gradlew.bat,,,,,
https://github.com/limanjun99/ip.git,master,,tutorials/**;gradlew.bat,,,,,
https://github.com/ngyupeng/ip.git,master,,tutorials/**;gradlew.bat,,,,,
https://github.com/AndrescuIII-too/ip.git,master,,tutorials/**;gradlew.bat,,,,,
https://github.com/MoeySeanJean/ip.git,master,,tutorials/**;gradlew.bat,,,,,
https://github.com/fengql123/ip.git,master,,tutorials/**;gradlew.bat,,,,,
https://github.com/sjinho/ip.git,master,,tutorials/**;gradlew.bat,,,,,
https://github.com/Haxatron/ip.git,master,,tutorials/**;gradlew.bat,,,,,
https://github.com/zzzyans/ip.git,master,,tutorials/**;gradlew.bat,,,,,
https://github.com/yuntaeseo/ip.git,master,,tutorials/**;gradlew.bat,,,,,
https://github.com/Jaey0un/ip.git,master,,tutorials/**;gradlew.bat,,,,,
https://github.com/Ziwen510/ip.git,master,,tutorials/**;gradlew.bat,,,,,
https://github.com/kevintanjc/ip.git,master,,tutorials/**;gradlew.bat,,,,,
https://github.com/syemfai/ip.git,master,,tutorials/**;gradlew.bat,,,,,
https://github.com/tjinyao/ip.git,master,,tutorials/**;gradlew.bat,,,,,
https://github.com/CZX123/ip.git,master,,tutorials/**;gradlew.bat,,,,,
https://github.com/crimsonchaos02/ip.git,master,,tutorials/**;gradlew.bat,,,,,
https://github.com/jyheng02/ip.git,master,,tutorials/**;gradlew.bat,,,,,
https://github.com/btjm123/ip.git,master,,tutorials/**;gradlew.bat,,,,,
https://github.com/Roshan1572/ip.git,master,,tutorials/**;gradlew.bat,,,,,
https://github.com/nicholaslimzixian/ip.git,master,,tutorials/**;gradlew.bat,,,,,
https://github.com/BiggillyBoyMan/ip.git,master,,tutorials/**;gradlew.bat,,,,,
https://github.com/lim-james/ip.git,master,,tutorials/**;gradlew.bat,,,,,
https://github.com/maybeweijun/ip.git,master,,tutorials/**;gradlew.bat,,,,,
https://github.com/Chanism0808/ip.git,master,,tutorials/**;gradlew.bat,,,,,
https://github.com/OKaiXiang/ip.git,master,,tutorials/**;gradlew.bat,,,,,
https://github.com/ryantanzr/ip.git,master,,tutorials/**;gradlew.bat,,,,,
https://github.com/ChewyMochi/ip.git,master,,tutorials/**;gradlew.bat,,,,,
https://github.com/codewallie/ip.git,master,,tutorials/**;gradlew.bat,,,,,
https://github.com/christopherchong/ip.git,master,,tutorials/**;gradlew.bat,,,,,
https://github.com/Nelsonweena/ip.git,master,,tutorials/**;gradlew.bat,,,,,
https://github.com/stefuiii/ip.git,master,,tutorials/**;gradlew.bat,,,,,
https://github.com/dingf3ng/ip.git,master,,tutorials/**;gradlew.bat,,,,,
https://github.com/BJoozz/ip.git,master,,tutorials/**;gradlew.bat,,,,,
https://github.com/dinhcodes/ip.git,master,,tutorials/**;gradlew.bat,,,,,
https://github.com/zhequan00/ip.git,master,,tutorials/**;gradlew.bat,,,,,
https://github.com/sirylcereal/ip.git,master,,tutorials/**;gradlew.bat,,,,,
https://github.com/xiaoqi01010/ip.git,master,,tutorials/**;gradlew.bat,,,,,
https://github.com/FZFZFZZ/ip.git,master,,tutorials/**;gradlew.bat,,,,,
https://github.com/xinyi-lim-19/ip.git,master,,tutorials/**;gradlew.bat,,,,,
https://github.com/chcischc/ip.git,master,,tutorials/**;gradlew.bat,,,,,
https://github.com/MinhMXC/ip.git,master,,tutorials/**;gradlew.bat,,,,,
https://github.com/deniseegohh/ip.git,master,,tutorials/**;gradlew.bat,,,,,
https://github.com/Xinxiang0257/ip.git,master,,tutorials/**;gradlew.bat,,,,,
https://github.com/Swei99/ip.git,master,,tutorials/**;gradlew.bat,,,,,
https://github.com/LABDHH/ip.git,master,,tutorials/**;gradlew.bat,,,,,
https://github.com/GuoGangQuan/ip.git,master,,tutorials/**;gradlew.bat,,,,,
https://github.com/SAKICHANNN/ip.git,master,,tutorials/**;gradlew.bat,,,,,
https://github.com/huiyi-Al/ip.git,master,,tutorials/**;gradlew.bat,,,,,
https://github.com/bananapielearnsjava/ip.git,master,,tutorials/**;gradlew.bat,,,,,
https://github.com/Aryann-Sharma/ip.git,master,,tutorials/**;gradlew.bat,,,,,
https://github.com/DavidShenJingtao/ip.git,master,,tutorials/**;gradlew.bat,,,,,
https://github.com/MousseDm/ip.git,master,,tutorials/**;gradlew.bat,,,,,
https://github.com/yyssophie/ip.git,master,,tutorials/**;gradlew.bat,,,,,
https://github.com/Lzkkuan/ip.git,master,,tutorials/**;gradlew.bat,,,,,
https://github.com/fishee82oo/ip.git,master,,tutorials/**;gradlew.bat,,,,,
https://github.com/WFYishere/ip.git,master,,tutorials/**;gradlew.bat,,,,,
https://github.com/ary-ban/ip.git,master,,tutorials/**;gradlew.bat,,,,,
https://github.com/DJsudartha/ip.git,master,,tutorials/**;gradlew.bat,,,,,
https://github.com/vinncee/ip.git,master,,tutorials/**;gradlew.bat,,,,,
https://github.com/YH-100203/ip.git,master,,tutorials/**;gradlew.bat,,,,,
https://github.com/louist3ng/ip.git,master,,tutorials/**;gradlew.bat,,,,,
https://github.com/Bosh1707/ip.git,master,,tutorials/**;gradlew.bat,,,,,
https://github.com/jeroylim/ip.git,master,,tutorials/**;gradlew.bat,,,,,
https://github.com/hyhy987/ip.git,master,,tutorials/**;gradlew.bat,,,,,
https://github.com/darzizalol/ip.git,master,,tutorials/**;gradlew.bat,,,,,
https://github.com/nicksonho/ip.git,master,,tutorials/**;gradlew.bat,,,,,
https://github.com/sabersmash1412/ip.git,master,,tutorials/**;gradlew.bat,,,,,
https://github.com/algebananazzzzz/ip.git,master,,tutorials/**;gradlew.bat,,,,,
https://github.com/javierlimt6/ip.git,master,,tutorials/**;gradlew.bat,,,,,
https://github.com/dnt0n/ip.git,master,,tutorials/**;gradlew.bat,,,,,
https://github.com/yusen-luan/ip.git,master,,tutorials/**;gradlew.bat,,,,,
https://github.com/williamoose/ip.git,master,,tutorials/**;gradlew.bat,,,,,
https://github.com/coolprogrammer000/ip.git,master,,tutorials/**;gradlew.bat,,,,,
https://github.com/Miloepeng/ip.git,master,,tutorials/**;gradlew.bat,,,,,
https://github.com/isaactoh/ip.git,master,,tutorials/**;gradlew.bat,,,,,
https://github.com/Mathew270/ip.git,master,,tutorials/**;gradlew.bat,,,,,
https://github.com/eltry42/ip.git,master,,tutorials/**;gradlew.bat,,,,,
https://github.com/samueltann/ip.git,master,,tutorials/**;gradlew.bat,,,,,
https://github.com/xxdydx/ip.git,master,,tutorials/**;gradlew.bat,,,,,
https://github.com/rizrn/ip.git,master,,tutorials/**;gradlew.bat,,,,,
https://github.com/rahulmllvrp/ip.git,master,,tutorials/**;gradlew.bat,,,,,
https://github.com/XKMai/ip.git,master,,tutorials/**;gradlew.bat,,,,,
https://github.com/ryan-toh/ip.git,master,,tutorials/**;gradlew.bat,,,,,
https://github.com/Nsohko/ip.git,master,,tutorials/**;gradlew.bat,,,,,
https://github.com/winstonzhaozhekai/ip.git,master,,tutorials/**;gradlew.bat,,,,,
https://github.com/mizzat03/ip.git,master,,tutorials/**;gradlew.bat,,,,,
https://github.com/itisnotjord/ip.git,master,,tutorials/**;gradlew.bat,,,,,
https://github.com/Print2PDF/ip.git,master,,tutorials/**;gradlew.bat,,,,,
https://github.com/yorick-chew/ip.git,master,,tutorials/**;gradlew.bat,,,,,
https://github.com/hansonpoh/ip.git,master,,tutorials/**;gradlew.bat,,,,,
https://github.com/keezhenxian/ip.git,master,,tutorials/**;gradlew.bat,,,,,
https://github.com/RagingRogue/ip.git,master,,tutorials/**;gradlew.bat,,,,,
https://github.com/Javier-Lua/ip.git,master,,tutorials/**;gradlew.bat,,,,,
https://github.com/tathan08/ip.git,master,,tutorials/**;gradlew.bat,,,,,
https://github.com/IsaiahToh/ip.git,master,,tutorials/**;gradlew.bat,,,,,
https://github.com/TimothySzu/ip.git,master,,tutorials/**;gradlew.bat,,,,,
https://github.com/Butanol/ip.git,master,,tutorials/**;gradlew.bat,,,,,
https://github.com/Sengernest/ip.git,master,,tutorials/**;gradlew.bat,,,,,
https://github.com/Arshelle9912/ip.git,master,,tutorials/**;gradlew.bat,,,,,
https://github.com/yhtham7/ip.git,master,,tutorials/**;gradlew.bat,,,,,
https://github.com/fsythw/ip.git,master,,tutorials/**;gradlew.bat,,,,,
https://github.com/sj-c/ip.git,master,,tutorials/**;gradlew.bat,,,,,
https://github.com/soakedumplings/ip.git,master,,tutorials/**;gradlew.bat,,,,,
https://github.com/Bobbodi/ip.git,master,,tutorials/**;gradlew.bat,,,,,
https://github.com/Joulenergy/ip.git,master,,tutorials/**;gradlew.bat,,,,,
https://github.com/Hypovolemic/ip.git,master,,tutorials/**;gradlew.bat,,,,,
https://github.com/MarcusLeongHK/ip.git,master,,tutorials/**;gradlew.bat,,,,,
https://github.com/camlin-tan/ip.git,master,,tutorials/**;gradlew.bat,,,,,
https://github.com/wengmu/ip.git,master,,tutorials/**;gradlew.bat,,,,,
https://github.com/WeeJean/ip.git,master,,tutorials/**;gradlew.bat,,,,,
https://github.com/lanjia0/ip.git,master,,tutorials/**;gradlew.bat,,,,,
https://github.com/ckwflash/ip.git,master,,tutorials/**;gradlew.bat,,,,,
https://github.com/allanrobert0203/ip.git,master,,tutorials/**;gradlew.bat,,,,,
https://github.com/kellytxn/ip.git,master,,tutorials/**;gradlew.bat,,,,,
https://github.com/nghnaomi/ip.git,master,,tutorials/**;gradlew.bat,,,,,
https://github.com/dylandaaa/ip.git,master,,tutorials/**;gradlew.bat,,,,,
https://github.com/Haffner32/ip.git,master,,tutorials/**;gradlew.bat,,,,,
https://github.com/wafflescloud/ip.git,master,,tutorials/**;gradlew.bat,,,,,
https://github.com/wailon18/ip.git,master,,tutorials/**;gradlew.bat,,,,,
https://github.com/salmonkarp/ip.git,master,,tutorials/**;gradlew.bat,,,,,
https://github.com/CelineTj16/ip.git,master,,tutorials/**;gradlew.bat,,,,,
https://github.com/enamourous/ip.git,master,,tutorials/**;gradlew.bat,,,,,
https://github.com/landonzhao/ip.git,master,,tutorials/**;gradlew.bat,,,,,
https://github.com/Junronggg/ip.git,master,,tutorials/**;gradlew.bat,,,,,
https://github.com/forestmu/ip.git,master,,tutorials/**;gradlew.bat,,,,,
https://github.com/ZhuRong818/ip.git,master,,tutorials/**;gradlew.bat,,,,,
https://github.com/jeffreylim24/ip.git,master,,tutorials/**;gradlew.bat,,,,,
https://github.com/Starishine/ip.git,master,,tutorials/**;gradlew.bat,,,,,
https://github.com/wuliyq/ip.git,master,,tutorials/**;gradlew.bat,,,,,
https://github.com/estelle-ljgui/ip.git,master,,tutorials/**;gradlew.bat,,,,,
https://github.com/charqxx/ip.git,master,,tutorials/**;gradlew.bat,,,,,
https://github.com/Orange-eat97/ip.git,master,,tutorials/**;gradlew.bat,,,,,
https://github.com/baozzii/ip.git,master,,tutorials/**;gradlew.bat,,,,,
https://github.com/llamawithhats/ip.git,master,,tutorials/**;gradlew.bat,,,,,
https://github.com/reineoeq/ip.git,master,,tutorials/**;gradlew.bat,,,,,
https://github.com/meltedham/ip.git,master,,tutorials/**;gradlew.bat,,,,,
https://github.com/iZUMi-kyouka/ip.git,master,,tutorials/**;gradlew.bat,,,,,
https://github.com/watermelonisred/ip.git,master,,tutorials/**;gradlew.bat,,,,,
https://github.com/samthambad/ip.git,master,,tutorials/**;gradlew.bat,,,,,
https://github.com/Anxinal/ip.git,master,,tutorials/**;gradlew.bat,,,,,
https://github.com/jongrazi/ip.git,master,,tutorials/**;gradlew.bat,,,,,
https://github.com/mellowfarm/ip.git,master,,tutorials/**;gradlew.bat,,,,,
https://github.com/xiaotong0329/ip.git,master,,tutorials/**;gradlew.bat,,,,,
https://github.com/pei3nn/ip.git,master,,tutorials/**;gradlew.bat,,,,,
https://github.com/zachchong/ip.git,master,,tutorials/**;gradlew.bat,,,,,
https://github.com/wenn5055/ip.git,master,,tutorials/**;gradlew.bat,,,,,
https://github.com/gaozilin2005/ip.git,master,,tutorials/**;gradlew.bat,,,,,
https://github.com/xwl42/ip.git,master,,tutorials/**;gradlew.bat,,,,,
https://github.com/estherkyx/ip.git,master,,tutorials/**;gradlew.bat,,,,,
https://github.com/yalasoo/ip.git,master,,tutorials/**;gradlew.bat,,,,,
https://github.com/jlismee/ip.git,master,,tutorials/**;gradlew.bat,,,,,
https://github.com/jj55j7/ip.git,master,,tutorials/**;gradlew.bat,,,,,
https://github.com/sngdarren/ip.git,master,,tutorials/**;gradlew.bat,,,,,
https://github.com/katrinaykt/ip.git,master,,tutorials/**;gradlew.bat,,,,,
https://github.com/hninsatphyusin/ip.git,master,,tutorials/**;gradlew.bat,,,,,
https://github.com/Jaredee123/ip.git,master,,tutorials/**;gradlew.bat,,,,,
https://github.com/stellecodes/ip.git,master,,tutorials/**;gradlew.bat,,,,,
https://github.com/enxi-low/ip.git,master,,tutorials/**;gradlew.bat,,,,,
https://github.com/tkaixinn/ip.git,master,,tutorials/**;gradlew.bat,,,,,
https://github.com/he-yue-svg/ip.git,master,,tutorials/**;gradlew.bat,,,,,
https://github.com/ebt-wu/ip.git,master,,tutorials/**;gradlew.bat,,,,,
https://github.com/yatihe01/ip.git,master,,tutorials/**;gradlew.bat,,,,,
https://github.com/Promist-Moon/ip.git,master,,tutorials/**;gradlew.bat,,,,,
https://github.com/chenguo3125/ip.git,master,,tutorials/**;gradlew.bat,,,,,
https://github.com/chloeongzy/ip.git,master,,tutorials/**;gradlew.bat,,,,,
https://github.com/jcc-kh/ip.git,master,,tutorials/**;gradlew.bat,,,,,
https://github.com/NgoHoangNhatMinh/ip.git,master,,tutorials/**;gradlew.bat,,,,,
https://github.com/haorui2004/ip.git,master,,tutorials/**;gradlew.bat,,,,,
https://github.com/yihao03/ip.git,master,,tutorials/**;gradlew.bat,,,,,
https://github.com/divyashahhh/ip.git,master,,tutorials/**;gradlew.bat,,,,,
https://github.com/csrhui/ip.git,master,,tutorials/**;gradlew.bat,,,,,
https://github.com/broccoli0616/ip.git,master,,tutorials/**;gradlew.bat,,,,,
https://github.com/Eilyss/ip.git,master,,tutorials/**;gradlew.bat,,,,,
https://github.com/valeriexylim/ip.git,master,,tutorials/**;gradlew.bat,,,,,
https://github.com/Dicksonlai29/ip.git,master,,tutorials/**;gradlew.bat,,,,,
https://github.com/soomin-k/ip.git,master,,tutorials/**;gradlew.bat,,,,,
https://github.com/SoyWater/ip.git,master,,tutorials/**;gradlew.bat,,,,,
https://github.com/cleo7799/ip.git,master,,tutorials/**;gradlew.bat,,,,,
https://github.com/serenelwt/ip.git,master,,tutorials/**;gradlew.bat,,,,,
https://github.com/zhiyu05/ip.git,master,,tutorials/**;gradlew.bat,,,,,
https://github.com/coberculidae/ip.git,master,,tutorials/**;gradlew.bat,,,,,
https://github.com/GREYHAT262/ip.git,master,,tutorials/**;gradlew.bat,,,,,
https://github.com/h-virdi/ip.git,master,,tutorials/**;gradlew.bat,,,,,
https://github.com/ongyixin/ip.git,master,,tutorials/**;gradlew.bat,,,,,
https://github.com/sunshinefactoryyy/ip.git,master,,tutorials/**;gradlew.bat,,,,,
https://github.com/siderealmaple/ip.git,master,,tutorials/**;gradlew.bat,,,,,
https://github.com/Dumboiroy/ip.git,master,,tutorials/**;gradlew.bat,,,,,
https://github.com/Leumu/ip.git,master,,tutorials/**;gradlew.bat,,,,,
https://github.com/Beastarz/ip.git,master,,tutorials/**;gradlew.bat,,,,,
https://github.com/desmondwong1215/ip.git,master,,tutorials/**;gradlew.bat,,,,,
https://github.com/miinren/ip.git,master,,tutorials/**;gradlew.bat,,,,,
https://github.com/waynetanjh/ip.git,master,,tutorials/**;gradlew.bat,,,,,
https://github.com/limjimin-nus/ip.git,master,,tutorials/**;gradlew.bat,,,,,
https://github.com/BrandonnLow/ip.git,master,,tutorials/**;gradlew.bat,,,,,
https://github.com/HiokKuek/ip.git,master,,tutorials/**;gradlew.bat,,,,,
https://github.com/AaronToh/ip.git,master,,tutorials/**;gradlew.bat,,,,,
https://github.com/Eric9010/ip.git,master,,tutorials/**;gradlew.bat,,,,,
https://github.com/Cleaach/ip.git,master,,tutorials/**;gradlew.bat,,,,,
https://github.com/gunawanjoseph/ip.git,master,,tutorials/**;gradlew.bat,,,,,
https://github.com/duyLeu/ip.git,master,,tutorials/**;gradlew.bat,,,,,
https://github.com/hai0506/ip.git,master,,tutorials/**;gradlew.bat,,,,,
https://github.com/bentandj/ip.git,master,,tutorials/**;gradlew.bat,,,,,
https://github.com/djgmh9/ip.git,master,,tutorials/**;gradlew.bat,,,,,
https://github.com/mug1wara26/ip.git,master,,tutorials/**;gradlew.bat,,,,,
https://github.com/fifamobilegems/ip.git,master,,tutorials/**;gradlew.bat,,,,,
https://github.com/PhoebeY05/ip.git,master,,tutorials/**;gradlew.bat,,,,,
https://github.com/zjaoyuki/ip.git,master,,tutorials/**;gradlew.bat,,,,,
https://github.com/pei886/ip.git,master,,tutorials/**;gradlew.bat,,,,,
https://github.com/t-yunqi/ip.git,master,,tutorials/**;gradlew.bat,,,,,
https://github.com/wongyuzhen/ip.git,master,,tutorials/**;gradlew.bat,,,,,
https://github.com/damiancxliew/ip.git,master,,tutorials/**;gradlew.bat,,,,,
https://github.com/kzfsg/ip.git,master,,tutorials/**;gradlew.bat,,,,,
https://github.com/Schpeider/ip.git,master,,tutorials/**;gradlew.bat,,,,,
https://github.com/Albertd13/ip.git,master,,tutorials/**;gradlew.bat,,,,,
https://github.com/fatbolster/ip.git,master,,tutorials/**;gradlew.bat,,,,,
https://github.com/leechongrui/ip.git,master,,tutorials/**;gradlew.bat,,,,,
https://github.com/ais555/ip.git,master,,tutorials/**;gradlew.bat,,,,,
https://github.com/ngjsjordan/ip.git,master,,tutorials/**;gradlew.bat,,,,,
https://github.com/naa-siuuuu-ff/ip.git,master,,tutorials/**;gradlew.bat,,,,,
https://github.com/CYW2004/ip.git,master,,tutorials/**;gradlew.bat,,,,,
https://github.com/romidas99/ip.git,master,,tutorials/**;gradlew.bat,,,,,
https://github.com/tonyvict/ip.git,master,,tutorials/**;gradlew.bat,,,,,
https://github.com/Chellu19/ip.git,master,,tutorials/**;gradlew.bat,,,,,
https://github.com/Jiru-code/ip.git,master,,tutorials/**;gradlew.bat,,,,,
https://github.com/isaaclim01/ip.git,master,,tutorials/**;gradlew.bat,,,,,
https://github.com/Xirnic/ip.git,master,,tutorials/**;gradlew.bat,,,,,
https://github.com/JasonChang419/ip.git,master,,tutorials/**;gradlew.bat,,,,,
https://github.com/manishkharthik/ip.git,master,,tutorials/**;gradlew.bat,,,,,
https://github.com/JG-Kiran/ip.git,master,,tutorials/**;gradlew.bat,,,,,
https://github.com/Neko-Nguyen/ip.git,master,,tutorials/**;gradlew.bat,,,,,
https://github.com/QuocBaoVu/ip.git,master,,tutorials/**;gradlew.bat,,,,,
https://github.com/tuanduong18/ip.git,master,,tutorials/**;gradlew.bat,,,,,
https://github.com/CATISNOTSODIUM/ip.git,master,,tutorials/**;gradlew.bat,,,,,
https://github.com/neet-it/ip.git,master,,tutorials/**;gradlew.bat,,,,,
https://github.com/Kineeeeee/ip.git,master,,tutorials/**;gradlew.bat,,,,,
https://github.com/TheresiaOng/ip.git,master,,tutorials/**;gradlew.bat,,,,,
https://github.com/meowzz28/ip.git,master,,tutorials/**;gradlew.bat,,,,,
https://github.com/Duyy0406/ip.git,master,,tutorials/**;gradlew.bat,,,,,
https://github.com/SanguineChameleon/ip.git,master,,tutorials/**;gradlew.bat,,,,,
https://github.com/Miche1111e/ip.git,master,,tutorials/**;gradlew.bat,,,,,
https://github.com/vanphuc1201/ip.git,master,,tutorials/**;gradlew.bat,,,,,
https://github.com/monnss69/ip.git,master,,tutorials/**;gradlew.bat,,,,,
https://github.com/uylulu/ip.git,master,,tutorials/**;gradlew.bat,,,,,
https://github.com/zayyankece/ip.git,master,,tutorials/**;gradlew.bat,,,,,
https://github.com/YSTey0808/ip.git,master,,tutorials/**;gradlew.bat,,,,,
https://github.com/Vrospix/ip.git,master,,tutorials/**;gradlew.bat,,,,,
https://github.com/bmathnguyen/ip.git,master,,tutorials/**;gradlew.bat,,,,,
https://github.com/tieutrongphuc/ip.git,master,,tutorials/**;gradlew.bat,,,,,
https://github.com/eesyuen09/ip.git,master,,tutorials/**;gradlew.bat,,,,,
https://github.com/w3njii/ip.git,master,,tutorials/**;gradlew.bat,,,,,
https://github.com/Jav65/ip.git,master,,tutorials/**;gradlew.bat,,,,,
https://github.com/lqr1019/ip.git,master,,tutorials/**;gradlew.bat,,,,,
https://github.com/yk-tuturu/ip.git,master,,tutorials/**;gradlew.bat,,,,,
https://github.com/yong0112/ip.git,master,,tutorials/**;gradlew.bat,,,,,
https://github.com/inzk0518/ip.git,master,,tutorials/**;gradlew.bat,,,,,
https://github.com/Arnav-Jhajharia/ip.git,master,,tutorials/**;gradlew.bat,,,,,
https://github.com/zhonggruii/ip.git,master,,tutorials/**;gradlew.bat,,,,,
https://github.com/haobuhaoo/ip.git,master,,tutorials/**;gradlew.bat,,,,,
https://github.com/Chrogain/ip.git,master,,tutorials/**;gradlew.bat,,,,,
https://github.com/yitao36/ip.git,master,,tutorials/**;gradlew.bat,,,,,
https://github.com/grenn24/ip.git,master,,tutorials/**;gradlew.bat,,,,,
https://github.com/seanrh34/ip.git,master,,tutorials/**;gradlew.bat,,,,,
https://github.com/rongkangw/ip.git,master,,tutorials/**;gradlew.bat,,,,,
https://github.com/darisusu/ip.git,master,,tutorials/**;gradlew.bat,,,,,
https://github.com/0rbita1/ip.git,master,,tutorials/**;gradlew.bat,,,,,
https://github.com/pranav3142/ip.git,master,,tutorials/**;gradlew.bat,,,,,
https://github.com/jing-xiang-choong/ip.git,master,,tutorials/**;gradlew.bat,,,,,
https://github.com/darrensimmx/ip.git,master,,tutorials/**;gradlew.bat,,,,,
https://github.com/Cheeden/ip.git,master,,tutorials/**;gradlew.bat,,,,,
https://github.com/haojun-mah/ip.git,master,,tutorials/**;gradlew.bat,,,,,
https://github.com/goh-joshua/ip.git,master,,tutorials/**;gradlew.bat,,,,,
https://github.com/shaneak03/ip.git,master,,tutorials/**;gradlew.bat,,,,,
https://github.com/CoderKee/ip.git,master,,tutorials/**;gradlew.bat,,,,,
https://github.com/ckhai01/ip.git,master,,tutorials/**;gradlew.bat,,,,,
https://github.com/Abhijay25/ip.git,master,,tutorials/**;gradlew.bat,,,,,
https://github.com/Rahulvira/ip.git,master,,tutorials/**;gradlew.bat,,,,,
https://github.com/brandontwj1/ip.git,master,,tutorials/**;gradlew.bat,,,,,
https://github.com/KH-boop-bit/ip.git,master,,tutorials/**;gradlew.bat,,,,,
https://github.com/deepa-m1/ip.git,master,,tutorials/**;gradlew.bat,,,,,
https://github.com/reynabxr/ip.git,master,,tutorials/**;gradlew.bat,,,,,
https://github.com/feliciaz05/ip.git,master,,tutorials/**;gradlew.bat,,,,,
https://github.com/Prateek2030s/ip.git,master,,tutorials/**;gradlew.bat,,,,,
https://github.com/actualmulti/ip.git,master,,tutorials/**;gradlew.bat,,,,,
https://github.com/brainybryan69/ip.git,master,,tutorials/**;gradlew.bat,,,,,
https://github.com/BarneyLaw/ip.git,master,,tutorials/**;gradlew.bat,,,,,
https://github.com/jooh6969/ip.git,master,,tutorials/**;gradlew.bat,,,,,
https://github.com/ren0716/ip.git,master,,tutorials/**;gradlew.bat,,,,,
https://github.com/wjingsin/ip.git,master,,tutorials/**;gradlew.bat,,,,,
https://github.com/makis4n/ip.git,master,,tutorials/**;gradlew.bat,,,,,
https://github.com/cyfake/ip.git,master,,tutorials/**;gradlew.bat,,,,,
https://github.com/Eggie23/ip.git,master,,tutorials/**;gradlew.bat,,,,,
https://github.com/Cavannn/ip.git,master,,tutorials/**;gradlew.bat,,,,,
https://github.com/ferroklaser/ip.git,master,,tutorials/**;gradlew.bat,,,,,
https://github.com/GeekyGooble/ip.git,master,,tutorials/**;gradlew.bat,,,,,
https://github.com/pohanson/ip.git,master,,tutorials/**;gradlew.bat,,,,,
https://github.com/Joshua-Seah/ip.git,master,,tutorials/**;gradlew.bat,,,,,
https://github.com/nghaowei/ip.git,master,,tutorials/**;gradlew.bat,,,,,
https://github.com/Meckss/ip.git,master,,tutorials/**;gradlew.bat,,,,,
https://github.com/yapitsgabriel/ip.git,master,,tutorials/**;gradlew.bat,,,,,
https://github.com/JunhaoW3/ip.git,master,,tutorials/**;gradlew.bat,,,,,
https://github.com/tevyntan/ip.git,master,,tutorials/**;gradlew.bat,,,,,
https://github.com/clementsimwj/ip.git,master,,tutorials/**;gradlew.bat,,,,,
https://github.com/ronniefun1/ip.git,master,,tutorials/**;gradlew.bat,,,,,
https://github.com/aloy-pek/ip.git,master,,tutorials/**;gradlew.bat,,,,,
https://github.com/ludannnn/ip.git,master,,tutorials/**;gradlew.bat,,,,,
https://github.com/siuuuuuuuuuuuuuuuuuu/ip.git,master,,tutorials/**;gradlew.bat,,,,,
https://github.com/matthias890/ip.git,master,,tutorials/**;gradlew.bat,,,,,
https://github.com/ruissouw/ip.git,master,,tutorials/**;gradlew.bat,,,,,
https://github.com/isyraqyusof/ip.git,master,,tutorials/**;gradlew.bat,,,,,
https://github.com/Juink4i/ip.git,master,,tutorials/**;gradlew.bat,,,,,
https://github.com/imrenzo/ip.git,master,,tutorials/**;gradlew.bat,,,,,
https://github.com/TeoShiYuan/ip.git,master,,tutorials/**;gradlew.bat,,,,,
https://github.com/thomas5564/ip.git,master,,tutorials/**;gradlew.bat,,,,,
https://github.com/gooZXSean/ip.git,master,,tutorials/**;gradlew.bat,,,,,
https://github.com/weixianuni/ip.git,master,,tutorials/**;gradlew.bat,,,,,
https://github.com/oyanzhi/ip.git,master,,tutorials/**;gradlew.bat,,,,,
https://github.com/binghangc/ip.git,master,,tutorials/**;gradlew.bat,,,,,
https://github.com/larrygaw/ip.git,master,,tutorials/**;gradlew.bat,,,,,
https://github.com/simantak-dabhade/ip.git,master,,tutorials/**;gradlew.bat,,,,,
https://github.com/JoshLohh/ip.git,master,,tutorials/**;gradlew.bat,,,,,
https://github.com/Chewy03/ip.git,master,,tutorials/**;gradlew.bat,,,,,
https://github.com/houzhenming/ip.git,master,,tutorials/**;gradlew.bat,,,,,
https://github.com/MNJPeng/ip.git,master,,tutorials/**;gradlew.bat,,,,,
https://github.com/sbillsujithkumaar/ip.git,master,,tutorials/**;gradlew.bat,,,,,
https://github.com/gordontzx/ip.git,master,,tutorials/**;gradlew.bat,,,,,
https://github.com/Eugene-Lek/ip.git,master,,tutorials/**;gradlew.bat,,,,,
https://github.com/EugeneOYZ1203n/ip.git,master,,tutorials/**;gradlew.bat,,,,,
https://github.com/ndhhh/ip.git,master,,tutorials/**;gradlew.bat,,,,,
https://github.com/bluemayo/ip.git,master,,tutorials/**;gradlew.bat,,,,,
https://github.com/biscake/ip.git,master,,tutorials/**;gradlew.bat,,,,,
https://github.com/donkoo24/ip.git,master,,tutorials/**;gradlew.bat,,,,,
https://github.com/joelchongg/ip.git,master,,tutorials/**;gradlew.bat,,,,,
https://github.com/ianchinn/ip.git,master,,tutorials/**;gradlew.bat,,,,,
https://github.com/yjjr0/ip.git,master,,tutorials/**;gradlew.bat,,,,,
https://github.com/dominicddl/ip.git,master,,tutorials/**;gradlew.bat,,,,,
https://github.com/Glacialthorn/ip.git,master,,tutorials/**;gradlew.bat,,,,,
https://github.com/raynergoh/ip.git,master,,tutorials/**;gradlew.bat,,,,,
https://github.com/nob-s/ip.git,master,,tutorials/**;gradlew.bat,,,,,
https://github.com/saajid-ahamed/ip.git,master,,tutorials/**;gradlew.bat,,,,,
https://github.com/Khantminn290/ip.git,master,,tutorials/**;gradlew.bat,,,,,
https://github.com/JordanLow/ip.git,master,,tutorials/**;gradlew.bat,,,,,
https://github.com/DonLeeHH/ip.git,master,,tutorials/**;gradlew.bat,,,,,
https://github.com/Briescion/ip.git,master,,tutorials/**;gradlew.bat,,,,,
https://github.com/jianronggu/ip.git,master,,tutorials/**;gradlew.bat,,,,,
https://github.com/farbutnear/ip.git,master,,tutorials/**;gradlew.bat,,,,,
https://github.com/JBYoonn/ip.git,master,,tutorials/**;gradlew.bat,,,,,
https://github.com/porcupinezzz/ip.git,master,,tutorials/**;gradlew.bat,,,,,
https://github.com/JeromeG89/ip.git,master,,tutorials/**;gradlew.bat,,,,,
https://github.com/dylantjy/ip.git,master,,tutorials/**;gradlew.bat,,,,,
https://github.com/ThePeeKayy/ip.git,master,,tutorials/**;gradlew.bat,,,,,
https://github.com/alsonleej/ip.git,master,,tutorials/**;gradlew.bat,,,,,
https://github.com/ChekaLowQiJun/ip.git,master,,tutorials/**;gradlew.bat,,,,,
https://github.com/Ruileirei/ip.git,master,,tutorials/**;gradlew.bat,,,,,
https://github.com/dlywlotus/ip.git,master,,tutorials/**;gradlew.bat,,,,,
https://github.com/samuelcg20/ip.git,master,,tutorials/**;gradlew.bat,,,,,
https://github.com/jakekeech/ip.git,master,,tutorials/**;gradlew.bat,,,,,
https://github.com/ChengLeong/ip.git,master,,tutorials/**;gradlew.bat,,,,,
https://github.com/yosonteo/ip.git,master,,tutorials/**;gradlew.bat,,,,,
https://github.com/JovanTeo1103/ip.git,master,,tutorials/**;gradlew.bat,,,,,
https://github.com/kahei9299/ip.git,master,,tutorials/**;gradlew.bat,,,,,
https://github.com/sahishnuk2/ip.git,master,,tutorials/**;gradlew.bat,,,,,
https://github.com/ngmhprogramming/ip.git,master,,tutorials/**;gradlew.bat,,,,,
https://github.com/jasonleexc/ip.git,master,,tutorials/**;gradlew.bat,,,,,
https://github.com/joojaja/ip.git,master,,tutorials/**;gradlew.bat,,,,,
https://github.com/McFishhh/ip.git,master,,tutorials/**;gradlew.bat,,,,,
https://github.com/gnahuy123/ip.git,master,,tutorials/**;gradlew.bat,,,,,
https://github.com/aliensarefake/ip.git,master,,tutorials/**;gradlew.bat,,,,,
https://github.com/nicktantk/ip.git,master,,tutorials/**;gradlew.bat,,,,,
https://github.com/thejus03/ip.git,master,,tutorials/**;gradlew.bat,,,,,
https://github.com/KieronOei/ip.git,master,,tutorials/**;gradlew.bat,,,,,
https://github.com/goodguykf/ip.git,master,,tutorials/**;gradlew.bat,,,,,
https://github.com/gab-er/ip.git,master,,tutorials/**;gradlew.bat,,,,,
https://github.com/mattcce/ip.git,master,,tutorials/**;gradlew.bat,,,,,
https://github.com/owjd03/ip.git,master,,tutorials/**;gradlew.bat,,,,,
https://github.com/adrieltch/ip.git,master,,tutorials/**;gradlew.bat,,,,,
https://github.com/adityagk753/ip.git,master,,tutorials/**;gradlew.bat,,,,,
https://github.com/morpheuschoo/ip.git,master,,tutorials/**;gradlew.bat,,,,,
https://github.com/hongxun03/ip.git,master,,tutorials/**;gradlew.bat,,,,,
https://github.com/cameronlzy/ip.git,master,,tutorials/**;gradlew.bat,,,,,
https://github.com/tch1001/ip.git,master,,tutorials/**;gradlew.bat,,,,,
https://github.com/yoyongxuan/ip.git,master,,tutorials/**;gradlew.bat,,,,,
https://github.com/Jerrytys/ip.git,master,,tutorials/**;gradlew.bat,,,,,
https://github.com/caiwang0/ip.git,master,,tutorials/**;gradlew.bat,,,,,
https://github.com/kailermai/ip.git,master,,tutorials/**;gradlew.bat,,,,,
https://github.com/gabrieltang515/ip.git,master,,tutorials/**;gradlew.bat,,,,,
https://github.com/Whyudothiss/ip.git,master,,tutorials/**;gradlew.bat,,,,,
https://github.com/lkxben/ip.git,master,,tutorials/**;gradlew.bat,,,,,
https://github.com/zpnoob/ip.git,master,,tutorials/**;gradlew.bat,,,,,
https://github.com/noahseethorcodes/ip.git,master,,tutorials/**;gradlew.bat,,,,,
https://github.com/Yourface1746/ip.git,master,,tutorials/**;gradlew.bat,,,,,
https://github.com/harun-abdullah/ip.git,master,,tutorials/**;gradlew.bat,,,,,
https://github.com/denz-denz/ip.git,master,,tutorials/**;gradlew.bat,,,,,
https://github.com/xavychin/ip.git,master,,tutorials/**;gradlew.bat,,,,,
https://github.com/not-a-scam/ip.git,master,,tutorials/**;gradlew.bat,,,,,
https://github.com/ZH22/ip.git,master,,tutorials/**;gradlew.bat,,,,,
https://github.com/ywijie/ip.git,master,,tutorials/**;gradlew.bat,,,,,
https://github.com/keitht8y/ip.git,master,,tutorials/**;gradlew.bat,,,,,
https://github.com/garennotjeron/ip.git,master,,tutorials/**;gradlew.bat,,,,,
https://github.com/oilyfishball/ip.git,master,,tutorials/**;gradlew.bat,,,,,
https://github.com/its-me-orion/ip.git,master,,tutorials/**;gradlew.bat,,,,,
https://github.com/ronithsaju/ip.git,master,,tutorials/**;gradlew.bat,,,,,
https://github.com/NihaalManaf/ip.git,master,,tutorials/**;gradlew.bat,,,,,
https://github.com/luciusyeo/ip.git,master,,tutorials/**;gradlew.bat,,,,,
https://github.com/seanowww/ip.git,master,,tutorials/**;gradlew.bat,,,,,
https://github.com/jonchng/ip.git,master,,tutorials/**;gradlew.bat,,,,,
https://github.com/yuanz03/ip.git,master,,tutorials/**;gradlew.bat,,,,,
https://github.com/Mesutantonio/ip.git,master,,tutorials/**;gradlew.bat,,,,,
https://github.com/BryanKCodes/ip.git,master,,tutorials/**;gradlew.bat,,,,,
https://github.com/malcolmchu13/ip.git,master,,tutorials/**;gradlew.bat,,,,,
https://github.com/rk2k3/ip.git,master,,tutorials/**;gradlew.bat,,,,,
https://github.com/evanjw2/ip.git,master,,tutorials/**;gradlew.bat,,,,,
https://github.com/aaroncjgoh/ip.git,master,,tutorials/**;gradlew.bat,,,,,
https://github.com/FatKidddd/ip.git,master,,tutorials/**;gradlew.bat,,,,,
https://github.com/Vorld/ip.git,master,,tutorials/**;gradlew.bat,,,,,
https://github.com/kentalim2/ip.git,master,,tutorials/**;gradlew.bat,,,,,
https://github.com/abhatia2003/ip.git,master,,tutorials/**;gradlew.bat,,,,,
https://github.com/Angmar2722/ip.git,master,,tutorials/**;gradlew.bat,,,,,
https://github.com/bacenl/ip.git,master,,tutorials/**;gradlew.bat,,,,,
https://github.com/shriniket03/ip.git,master,,tutorials/**;gradlew.bat,,,,,
https://github.com/balkinaveen/ip.git,master,,tutorials/**;gradlew.bat,,,,,
https://github.com/lunardrak/ip.git,master,,tutorials/**;gradlew.bat,,,,,
https://github.com/NownuJ/ip.git,master,,tutorials/**;gradlew.bat,,,,,
https://github.com/oysterboi/ip.git,master,,tutorials/**;gradlew.bat,,,,,
https://github.com/TheMythologist/ip.git,master,,tutorials/**;gradlew.bat,,,,,
https://github.com/genehern/ip.git,master,,tutorials/**;gradlew.bat,,,,,
https://github.com/RandomNerd01/ip.git,master,,tutorials/**;gradlew.bat,,,,,
https://github.com/jaxwong/ip.git,master,,tutorials/**;gradlew.bat,,,,,
https://github.com/holeecow/ip.git,master,,tutorials/**;gradlew.bat,,,,,
https://github.com/Shearer1509/ip.git,master,,tutorials/**;gradlew.bat,,,,,
https://github.com/Tan-Guan-Lin/ip.git,master,,tutorials/**;gradlew.bat,,,,,
https://github.com/zzdlklzz/ip.git,master,,tutorials/**;gradlew.bat,,,,,
https://github.com/Juggernaut102/ip.git,master,,tutorials/**;gradlew.bat,,,,,
https://github.com/alfred-chua/ip.git,master,,tutorials/**;gradlew.bat,,,,,
https://github.com/Lucasn24/ip.git,master,,tutorials/**;gradlew.bat,,,,,
https://github.com/wucx-0/ip.git,master,,tutorials/**;gradlew.bat,,,,,
https://github.com/Lanturn567/ip.git,master,,tutorials/**;gradlew.bat,,,,,
https://github.com/qiiiixuan/ip.git,master,,tutorials/**;gradlew.bat,,,,,
https://github.com/rotarykirby/ip.git,master,,tutorials/**;gradlew.bat,,,,,
https://github.com/weijie-wang227/ip.git,master,,tutorials/**;gradlew.bat,,,,,
https://github.com/b33pbop/ip.git,master,,tutorials/**;gradlew.bat,,,,,
https://github.com/Zmzzz3/ip.git,master,,tutorials/**;gradlew.bat,,,,,
https://github.com/Bleng-flash/ip.git,master,,tutorials/**;gradlew.bat,,,,,
https://github.com/junhao4/ip.git,master,,tutorials/**;gradlew.bat,,,,,
https://github.com/javierchuaby/ip.git,master,,tutorials/**;gradlew.bat,,,,,
https://github.com/Jeric-Tan/ip.git,master,,tutorials/**;gradlew.bat,,,,,
https://github.com/anand2273/ip.git,master,,tutorials/**;gradlew.bat,,,,,
https://github.com/PeanutButter1212/ip.git,master,,tutorials/**;gradlew.bat,,,,,
https://github.com/arunblue3/ip.git,master,,tutorials/**;gradlew.bat,,,,,
https://github.com/amptea/ip.git,master,,tutorials/**;gradlew.bat,,,,,
https://github.com/hylinny/ip.git,master,,tutorials/**;gradlew.bat,,,,,
https://github.com/IvorKhan/ip.git,master,,tutorials/**;gradlew.bat,,,,,
https://github.com/Rihiz/ip.git,master,,tutorials/**;gradlew.bat,,,,,
https://github.com/blurfrost/ip.git,master,,tutorials/**;gradlew.bat,,,,,
https://github.com/jeremy-a-0808/ip.git,master,,tutorials/**;gradlew.bat,,,,,
https://github.com/zekaistic/ip.git,master,,tutorials/**;gradlew.bat,,,,,
https://github.com/pekyiheng/ip.git,master,,tutorials/**;gradlew.bat,,,,,
https://github.com/Glenn-Chiang/ip.git,master,,tutorials/**;gradlew.bat,,,,,
https://github.com/kianshenteoh/ip.git,master,,tutorials/**;gradlew.bat,,,,,
https://github.com/wylandee/ip.git,master,,tutorials/**;gradlew.bat,,,,,
https://github.com/bearkerb/ip.git,master,,tutorials/**;gradlew.bat,,,,,
https://github.com/julius-gwee/ip.git,master,,tutorials/**;gradlew.bat,,,,,
https://github.com/wangyuanchi/ip.git,master,,tutorials/**;gradlew.bat,,,,,
https://github.com/infinex123/ip.git,master,,tutorials/**;gradlew.bat,,,,,
https://github.com/Rhysmond/ip.git,master,,tutorials/**;gradlew.bat,,,,,
https://github.com/tofuuu67/ip.git,master,,tutorials/**;gradlew.bat,,,,,
https://github.com/nty-dev/ip.git,master,,tutorials/**;gradlew.bat,,,,,
https://github.com/adibice1/ip.git,master,,tutorials/**;gradlew.bat,,,,,
https://github.com/Qwertyblob/ip.git,master,,tutorials/**;gradlew.bat,,,,,
https://github.com/limweekit/ip.git,master,,tutorials/**;gradlew.bat,,,,,
https://github.com/203ZK/ip.git,master,,tutorials/**;gradlew.bat,,,,,
https://github.com/jarretphon/ip.git,master,,tutorials/**;gradlew.bat,,,,,
https://github.com/ziheng119/ip.git,master,,tutorials/**;gradlew.bat,,,,,
https://github.com/lvbrobinhood/ip.git,master,,tutorials/**;gradlew.bat,,,,,
https://github.com/junwei07/ip.git,master,,tutorials/**;gradlew.bat,,,,,
https://github.com/tokitobashi1/ip.git,master,,tutorials/**;gradlew.bat,,,,,
https://github.com/TastyVeggy/ip.git,master,,tutorials/**;gradlew.bat,,,,,
https://github.com/timxthytia/ip.git,master,,tutorials/**;gradlew.bat,,,,,
https://github.com/Xiao-Congchen/ip.git,master,,tutorials/**;gradlew.bat,,,,,
https://github.com/liawjarell/ip.git,master,,tutorials/**;gradlew.bat,,,,,
https://github.com/ShaoZhi21/ip.git,master,,tutorials/**;gradlew.bat,,,,,
https://github.com/dongjunnn/ip.git,master,,tutorials/**;gradlew.bat,,,,,
https://github.com/mengshuos/ip.git,master,,tutorials/**;gradlew.bat,,,,,
https://github.com/yhthia/ip.git,master,,tutorials/**;gradlew.bat,,,,,
https://github.com/ctrf03/ip.git,master,,tutorials/**;gradlew.bat,,,,,
https://github.com/tohyanhui/ip.git,master,,tutorials/**;gradlew.bat,,,,,
https://github.com/cjaycee/ip.git,master,,tutorials/**;gradlew.bat,,,,,
https://github.com/polyrhythmas/ip.git,master,,tutorials/**;gradlew.bat,,,,,
https://github.com/jsprdev/ip.git,master,,tutorials/**;gradlew.bat,,,,,
https://github.com/JeromeGohRY/ip.git,master,,tutorials/**;gradlew.bat,,,,,
https://github.com/kuagabriel8/ip.git,master,,tutorials/**;gradlew.bat,,,,,
https://github.com/gabriel-lll/ip.git,master,,tutorials/**;gradlew.bat,,,,,
https://github.com/cheezels/ip.git,master,,tutorials/**;gradlew.bat,,,,,
https://github.com/nathantew14/ip.git,master,,tutorials/**;gradlew.bat,,,,,
https://github.com/flyingcat9/ip.git,master,,tutorials/**;gradlew.bat,,,,,
https://github.com/timothyleejin/ip.git,master,,tutorials/**;gradlew.bat,,,,,
https://github.com/san4b0t/ip.git,master,,tutorials/**;gradlew.bat,,,,,
https://github.com/naresh2478/ip.git,master,,tutorials/**;gradlew.bat,,,,,
https://github.com/Jyang1206/ip.git,master,,tutorials/**;gradlew.bat,,,,,
https://github.com/Retribob/ip.git,master,,tutorials/**;gradlew.bat,,,,,
https://github.com/ravichandran-gokool/ip.git,master,,tutorials/**;gradlew.bat,,,,,
https://github.com/shockingly134/ip.git,master,,tutorials/**;gradlew.bat,,,,,
https://github.com/Strikerprv/ip.git,master,,tutorials/**;gradlew.bat,,,,,
https://github.com/mihirshah2005/ip.git,master,,tutorials/**;gradlew.bat,,,,,
https://github.com/POeticPotatoes/ip.git,master,,tutorials/**;gradlew.bat,,,,,
https://github.com/yijiechong13/ip.git,master,,tutorials/**;gradlew.bat,,,,,
https://github.com/jayyyyy25/ip.git,master,,tutorials/**;gradlew.bat,,,,,
https://github.com/Kimberlee97/ip.git,master,,tutorials/**;gradlew.bat,,,,,
https://github.com/jovnc/ip.git,master,,tutorials/**;gradlew.bat,,,,,
https://github.com/simyeekai/ip.git,master,,tutorials/**;gradlew.bat,,,,,
https://github.com/3seastacks/ip.git,master,,tutorials/**;gradlew.bat,,,,,
https://github.com/michellee15/ip.git,master,,tutorials/**;gradlew.bat,,,,,
https://github.com/asaiyume/ip.git,master,,tutorials/**;gradlew.bat,,,,,
https://github.com/reven0n/ip.git,master,,tutorials/**;gradlew.bat,,,,,
https://github.com/ArunV2048/ip.git,master,,tutorials/**;gradlew.bat,,,,,
https://github.com/aufasodik/ip.git,master,,tutorials/**;gradlew.bat,,,,,
https://github.com/ZayK1/ip.git,master,,tutorials/**;gradlew.bat,,,,,
https://github.com/oadultradeepfield/ip.git,master,,tutorials/**;gradlew.bat,,,,,
https://github.com/junyan-k/ip.git,master,,tutorials/**;gradlew.bat,,,,,
https://github.com/nuszuoyi/ip.git,master,,tutorials/**;gradlew.bat,,,,,
https://github.com/hui-x1ng/ip.git,master,,tutorials/**;gradlew.bat,,,,,
https://github.com/Dominique-DP9/ip.git,master,,tutorials/**;gradlew.bat,,,,,
https://github.com/chuckyang123/ip.git,master,,tutorials/**;gradlew.bat,,,,,
https://github.com/FisherSkyi/ip.git,master,,tutorials/**;gradlew.bat,,,,,
https://github.com/Sophie-lmy/ip.git,master,,tutorials/**;gradlew.bat,,,,,
https://github.com/trekkie3/ip.git,master,,tutorials/**;gradlew.bat,,,,,
https://github.com/josephkwok001/ip.git,master,,tutorials/**;gradlew.bat,,,,,
https://github.com/ashmitahaldar/ip.git,master,,tutorials/**;gradlew.bat,,,,,
https://github.com/Shubham-1417/ip.git,master,,tutorials/**;gradlew.bat,,,,,
https://github.com/Soo42/ip.git,master,,tutorials/**;gradlew.bat,,,,,
https://github.com/vincent-wat04/ip.git,master,,tutorials/**;gradlew.bat,,,,,
https://github.com/subhitsha-sp/ip.git,master,,tutorials/**;gradlew.bat,,,,,
